id,q1_raw,q2_raw,q3_raw,q4_raw,q5_raw,q6_raw,q7_raw,q8_raw,q9_raw,q10_raw,q1_adj,q2_adj,q3_adj,q4_adj,q5_adj,q6_adj,q7_adj,q8_adj,q9_adj,q10_adj,skor_total,label
1,4,3,2,1,2,4,3,0,3,2,4,3,2,1,2,0,1,4,1,2,20,SEDANG
2,4,0,2,4,4,0,1,1,1,2,4,0,2,4,4,4,3,3,3,2,29,TINGGI
3,1,4,4,1,4,0,0,2,3,2,1,4,4,1,4,4,4,2,1,2,27,TINGGI
4,0,1,4,1,0,1,1,1,3,3,0,1,4,1,0,3,3,3,1,1,17,SEDANG
5,2,1,0,4,2,1,1,4,4,0,2,1,0,4,2,3,3,0,0,4,19,SEDANG
6,0,2,2,0,4,2,2,0,2,4,0,2,2,0,4,2,2,4,2,0,18,SEDANG
7,1,4,1,0,0,1,4,1,4,4,1,4,1,0,0,3,0,3,0,0,12,RENDAH
8,2,2,1,2,4,0,1,4,2,3,2,2,1,2,4,4,3,0,2,1,21,SEDANG
9,2,4,1,4,3,0,2,2,4,4,2,4,1,4,3,4,2,2,0,0,22,SEDANG
10,3,2,4,2,4,2,4,0,2,4,3,2,4,2,4,2,0,4,2,0,23,SEDANG
11,1,3,2,0,1,3,0,2,3,1,1,3,2,0,1,1,4,2,1,3,18,SEDANG
12,4,3,2,3,4,2,4,0,3,0,4,3,2,3,4,2,0,4,1,4,27,TINGGI
13,1,1,0,3,1,2,3,4,0,4,1,1,0,3,1,2,1,0,4,0,13,RENDAH
14,1,2,0,2,0,3,3,4,2,0,1,2,0,2,0,1,1,0,2,4,13,RENDAH
15,3,1,0,2,1,3,3,1,3,4,3,1,0,2,1,1,1,3,1,0,13,RENDAH
16,4,1,0,0,1,4,0,4,3,4,4,1,0,0,1,0,4,0,1,0,11,RENDAH
17,4,3,0,0,1,0,0,1,0,0,4,3,0,0,1,4,4,3,4,4,27,TINGGI
18,4,1,2,3,2,3,2,4,3,1,4,1,2,3,2,1,2,0,1,3,19,SEDANG
19,3,4,3,2,4,1,0,2,0,1,3,4,3,2,4,3,4,2,4,3,32,TINGGI
20,4,3,1,3,4,2,0,3,0,1,4,3,1,3,4,2,4,1,4,3,29,TINGGI
21,4,2,0,2,1,2,0,0,0,3,4,2,0,2,1,2,4,4,4,1,24,SEDANG
22,2,3,0,3,3,0,2,4,3,2,2,3,0,3,3,4,2,0,1,2,20,SEDANG
23,3,4,1,4,0,1,2,1,4,4,3,4,1,4,0,3,2,3,0,0,20,SEDANG
24,2,1,1,1,3,3,3,2,1,4,2,1,1,1,3,1,1,2,3,0,15,SEDANG
25,4,2,4,3,0,4,0,2,2,3,4,2,4,3,0,0,4,2,2,1,22,SEDANG
26,0,2,3,1,2,1,3,2,4,2,0,2,3,1,2,3,1,2,0,2,16,SEDANG
27,0,3,4,4,2,0,3,4,4,4,0,3,4,4,2,4,1,0,0,0,18,SEDANG
28,4,4,2,4,2,0,1,1,1,0,4,4,2,4,2,4,3,3,3,4,33,TINGGI
29,4,3,4,4,2,0,1,1,2,0,4,3,4,4,2,4,3,3,2,4,33,TINGGI
30,3,4,4,2,3,2,1,3,4,0,3,4,4,2,3,2,3,1,0,4,26,SEDANG
31,3,2,1,0,1,4,3,4,3,3,3,2,1,0,1,0,1,0,1,1,10,RENDAH
32,4,2,4,0,2,3,3,2,0,2,4,2,4,0,2,1,1,2,4,2,22,SEDANG
33,3,1,4,3,4,0,2,3,1,4,3,1,4,3,4,4,2,1,3,0,25,SEDANG
34,3,3,3,3,3,0,1,2,0,4,3,3,3,3,3,4,3,2,4,0,28,TINGGI
35,0,1,0,0,0,2,2,3,1,0,0,1,0,0,0,2,2,1,3,4,13,RENDAH
36,3,3,1,2,4,4,4,4,1,2,3,3,1,2,4,0,0,0,3,2,18,SEDANG
37,4,0,1,2,4,1,4,4,1,0,4,0,1,2,4,3,0,0,3,4,21,SEDANG
38,3,3,0,0,1,1,4,1,3,3,3,3,0,0,1,3,0,3,1,1,15,SEDANG
39,4,1,1,3,0,0,3,0,0,1,4,1,1,3,0,4,1,4,4,3,25,SEDANG
40,3,0,0,1,1,0,0,1,3,3,3,0,0,1,1,4,4,3,1,1,18,SEDANG
41,4,4,4,2,2,2,2,0,1,0,4,4,4,2,2,2,2,4,3,4,31,TINGGI
42,3,4,0,4,4,2,1,0,4,1,3,4,0,4,4,2,3,4,0,3,27,TINGGI
43,4,4,4,2,3,0,3,2,1,0,4,4,4,2,3,4,1,2,3,4,31,TINGGI
44,2,1,0,0,0,3,4,1,1,4,2,1,0,0,0,1,0,3,3,0,10,RENDAH
45,3,0,3,2,2,4,4,4,3,4,3,0,3,2,2,0,0,0,1,0,11,RENDAH
46,4,3,2,4,4,0,4,1,2,0,4,3,2,4,4,4,0,3,2,4,30,TINGGI
47,2,1,4,2,3,0,0,2,0,3,2,1,4,2,3,4,4,2,4,1,27,TINGGI
48,0,2,4,1,2,4,0,3,2,1,0,2,4,1,2,0,4,1,2,3,19,SEDANG
49,2,1,1,3,2,3,0,4,4,2,2,1,1,3,2,1,4,0,0,2,16,SEDANG
50,1,0,0,0,2,4,4,3,0,2,1,0,0,0,2,0,0,1,4,2,10,RENDAH
51,0,4,4,3,3,1,3,2,1,0,0,4,4,3,3,3,1,2,3,4,27,TINGGI
52,1,2,0,0,3,2,4,2,3,3,1,2,0,0,3,2,0,2,1,1,12,RENDAH
53,2,0,1,2,0,1,2,3,2,4,2,0,1,2,0,3,2,1,2,0,13,RENDAH
54,2,2,2,2,2,0,3,4,2,3,2,2,2,2,2,4,1,0,2,1,18,SEDANG
55,4,4,1,0,4,2,2,0,0,2,4,4,1,0,4,2,2,4,4,2,27,TINGGI
56,1,0,4,2,4,1,2,4,2,2,1,0,4,2,4,3,2,0,2,2,20,SEDANG
57,4,1,0,2,3,0,3,3,3,4,4,1,0,2,3,4,1,1,1,0,17,SEDANG
58,1,0,3,2,1,3,3,4,3,1,1,0,3,2,1,1,1,0,1,3,13,RENDAH
59,0,1,0,1,3,1,2,2,3,4,0,1,0,1,3,3,2,2,1,0,13,RENDAH
60,0,4,3,2,1,3,2,3,4,0,0,4,3,2,1,1,2,1,0,4,18,SEDANG
61,1,2,0,2,0,1,3,3,3,3,1,2,0,2,0,3,1,1,1,1,12,RENDAH
62,2,4,0,4,1,3,0,3,0,1,2,4,0,4,1,1,4,1,4,3,24,SEDANG
63,4,0,2,0,2,3,2,0,0,2,4,0,2,0,2,1,2,4,4,2,21,SEDANG
64,1,3,4,1,3,2,4,1,2,3,1,3,4,1,3,2,0,3,2,1,20,SEDANG
65,3,3,0,2,3,4,3,0,0,4,3,3,0,2,3,0,1,4,4,0,20,SEDANG
66,3,4,4,4,4,2,4,1,2,2,3,4,4,4,4,2,0,3,2,2,28,TINGGI
67,1,2,2,2,0,0,3,2,4,3,1,2,2,2,0,4,1,2,0,1,15,SEDANG
68,1,3,2,0,0,1,2,1,3,4,1,3,2,0,0,3,2,3,1,0,15,SEDANG
69,3,3,2,2,4,1,0,0,3,2,3,3,2,2,4,3,4,4,1,2,28,TINGGI
70,2,3,4,3,1,2,0,3,1,1,2,3,4,3,1,2,4,1,3,3,26,SEDANG
71,4,1,4,2,3,0,3,4,2,0,4,1,4,2,3,4,1,0,2,4,25,SEDANG
72,4,4,2,2,3,0,4,0,0,4,4,4,2,2,3,4,0,4,4,0,27,TINGGI
73,0,2,3,0,0,0,2,4,3,4,0,2,3,0,0,4,2,0,1,0,12,RENDAH
74,3,1,4,1,3,0,1,4,4,2,3,1,4,1,3,4,3,0,0,2,21,SEDANG
75,3,4,4,0,3,0,0,2,0,4,3,4,4,0,3,4,4,2,4,0,28,TINGGI
76,3,2,4,0,4,0,4,2,3,0,3,2,4,0,4,4,0,2,1,4,24,SEDANG
77,0,2,3,1,0,1,2,4,4,3,0,2,3,1,0,3,2,0,0,1,12,RENDAH
78,3,3,3,4,3,4,0,3,2,0,3,3,3,4,3,0,4,1,2,4,27,TINGGI
79,2,3,4,4,3,0,1,0,1,3,2,3,4,4,3,4,3,4,3,1,31,TINGGI
80,3,4,1,1,3,1,1,1,0,1,3,4,1,1,3,3,3,3,4,3,28,TINGGI
81,4,1,3,4,3,1,3,0,4,4,4,1,3,4,3,3,1,4,0,0,23,SEDANG
82,4,2,3,2,3,1,2,4,3,4,4,2,3,2,3,3,2,0,1,0,20,SEDANG
83,4,4,4,3,3,3,0,3,2,0,4,4,4,3,3,1,4,1,2,4,30,TINGGI
84,2,0,4,4,3,1,1,2,3,1,2,0,4,4,3,3,3,2,1,3,25,SEDANG
85,0,0,0,0,3,3,3,4,0,2,0,0,0,0,3,1,1,0,4,2,11,RENDAH
86,3,3,3,3,4,4,3,0,0,1,3,3,3,3,4,0,1,4,4,3,28,TINGGI
87,0,1,1,2,0,2,3,2,4,1,0,1,1,2,0,2,1,2,0,3,12,RENDAH
88,4,4,1,3,2,0,4,2,3,2,4,4,1,3,2,4,0,2,1,2,23,SEDANG
89,3,0,4,0,2,1,0,0,3,3,3,0,4,0,2,3,4,4,1,1,22,SEDANG
90,0,3,2,4,4,1,2,1,1,1,0,3,2,4,4,3,2,3,3,3,27,TINGGI
91,2,4,3,3,4,4,0,3,2,1,2,4,3,3,4,0,4,1,2,3,26,SEDANG
92,3,2,4,1,4,4,1,1,0,0,3,2,4,1,4,0,3,3,4,4,28,TINGGI
93,0,0,2,1,3,1,3,1,3,2,0,0,2,1,3,3,1,3,1,2,16,SEDANG
94,0,1,4,3,1,1,1,4,1,1,0,1,4,3,1,3,3,0,3,3,21,SEDANG
95,2,1,3,2,2,4,4,2,4,3,2,1,3,2,2,0,0,2,0,1,13,RENDAH
96,1,0,4,1,3,0,2,2,1,4,1,0,4,1,3,4,2,2,3,0,20,SEDANG
97,3,4,4,3,4,3,1,2,1,0,3,4,4,3,4,1,3,2,3,4,31,TINGGI
98,3,4,2,4,3,3,3,1,1,2,3,4,2,4,3,1,1,3,3,2,26,SEDANG
99,4,3,4,4,0,0,2,0,2,2,4,3,4,4,0,4,2,4,2,2,29,TINGGI
100,2,1,2,1,0,3,4,1,4,0,2,1,2,1,0,1,0,3,0,4,14,SEDANG
101,4,0,4,0,0,2,4,2,4,0,4,0,4,0,0,2,0,2,0,4,16,SEDANG
102,0,1,1,1,4,2,2,4,4,4,0,1,1,1,4,2,2,0,0,0,11,RENDAH
103,0,0,0,3,0,2,1,3,2,2,0,0,0,3,0,2,3,1,2,2,13,RENDAH
104,1,2,2,4,3,0,0,4,0,1,1,2,2,4,3,4,4,0,4,3,27,TINGGI
105,2,0,3,4,3,1,0,1,1,1,2,0,3,4,3,3,4,3,3,3,28,TINGGI
106,4,4,1,1,2,0,0,0,2,3,4,4,1,1,2,4,4,4,2,1,27,TINGGI
107,2,3,3,2,3,2,1,2,0,1,2,3,3,2,3,2,3,2,4,3,27,TINGGI
108,0,1,1,1,4,4,4,2,4,0,0,1,1,1,4,0,0,2,0,4,13,RENDAH
109,4,2,3,1,0,1,1,3,1,1,4,2,3,1,0,3,3,1,3,3,23,SEDANG
110,4,2,4,1,3,1,4,1,0,0,4,2,4,1,3,3,0,3,4,4,28,TINGGI
111,3,4,1,4,3,2,0,3,2,1,3,4,1,4,3,2,4,1,2,3,27,TINGGI
112,1,4,1,4,4,0,0,1,1,4,1,4,1,4,4,4,4,3,3,0,28,TINGGI
113,0,3,4,4,1,4,0,3,1,2,0,3,4,4,1,0,4,1,3,2,22,SEDANG
114,1,0,2,4,1,0,3,0,1,2,1,0,2,4,1,4,1,4,3,2,22,SEDANG
115,2,0,0,1,1,1,2,3,3,3,2,0,0,1,1,3,2,1,1,1,12,RENDAH
116,0,2,4,4,2,0,0,3,0,3,0,2,4,4,2,4,4,1,4,1,26,SEDANG
117,1,1,0,4,1,2,3,2,1,1,1,1,0,4,1,2,1,2,3,3,18,SEDANG
118,2,4,0,0,0,4,0,1,4,4,2,4,0,0,0,0,4,3,0,0,13,RENDAH
119,2,2,4,2,3,1,1,0,0,3,2,2,4,2,3,3,3,4,4,1,28,TINGGI
120,1,1,4,3,2,4,0,1,1,2,1,1,4,3,2,0,4,3,3,2,23,SEDANG
121,4,4,2,0,3,3,2,1,0,0,4,4,2,0,3,1,2,3,4,4,27,TINGGI
122,3,4,3,0,4,2,3,1,3,1,3,4,3,0,4,2,1,3,1,3,24,SEDANG
123,2,2,0,0,4,1,3,2,0,3,2,2,0,0,4,3,1,2,4,1,19,SEDANG
124,1,3,0,4,4,1,2,1,1,0,1,3,0,4,4,3,2,3,3,4,27,TINGGI
125,1,3,1,3,4,2,4,1,2,3,1,3,1,3,4,2,0,3,2,1,20,SEDANG
126,0,3,0,1,4,1,2,3,4,3,0,3,0,1,4,3,2,1,0,1,15,SEDANG
127,0,1,3,3,3,2,3,4,3,1,0,1,3,3,3,2,1,0,1,3,17,SEDANG
128,2,0,2,0,4,3,2,3,4,0,2,0,2,0,4,1,2,1,0,4,16,SEDANG
129,3,3,3,4,2,2,2,1,2,1,3,3,3,4,2,2,2,3,2,3,27,TINGGI
130,4,3,0,1,1,2,3,4,0,0,4,3,0,1,1,2,1,0,4,4,20,SEDANG
131,0,0,3,4,2,4,2,1,2,4,0,0,3,4,2,0,2,3,2,0,16,SEDANG
132,1,0,3,2,4,1,1,0,0,0,1,0,3,2,4,3,3,4,4,4,28,TINGGI
133,3,1,4,3,0,3,0,3,4,3,3,1,4,3,0,1,4,1,0,1,18,SEDANG
134,3,1,2,3,2,0,4,3,2,1,3,1,2,3,2,4,0,1,2,3,21,SEDANG
135,2,1,2,0,2,4,0,0,3,4,2,1,2,0,2,0,4,4,1,0,16,SEDANG
136,4,2,4,0,2,1,1,1,0,1,4,2,4,0,2,3,3,3,4,3,28,TINGGI
137,4,4,0,4,4,2,0,2,0,0,4,4,0,4,4,2,4,2,4,4,32,TINGGI
138,4,0,4,4,4,3,4,2,0,0,4,0,4,4,4,1,0,2,4,4,27,TINGGI
139,1,4,0,0,2,2,1,4,0,1,1,4,0,0,2,2,3,0,4,3,19,SEDANG
140,2,3,2,3,4,3,3,1,3,1,2,3,2,3,4,1,1,3,1,3,23,SEDANG
141,0,2,3,0,1,0,3,4,4,2,0,2,3,0,1,4,1,0,0,2,13,RENDAH
142,3,2,1,3,4,0,2,0,2,1,3,2,1,3,4,4,2,4,2,3,28,TINGGI
143,1,4,0,4,3,1,4,0,0,4,1,4,0,4,3,3,0,4,4,0,23,SEDANG
144,2,0,2,1,3,3,0,1,0,0,2,0,2,1,3,1,4,3,4,4,24,SEDANG
145,1,2,2,3,4,3,3,0,4,1,1,2,2,3,4,1,1,4,0,3,21,SEDANG
146,1,1,3,3,3,1,0,1,0,3,1,1,3,3,3,3,4,3,4,1,26,SEDANG
147,1,2,3,4,1,1,2,1,0,0,1,2,3,4,1,3,2,3,4,4,27,TINGGI
148,4,4,4,2,4,3,2,4,1,1,4,4,4,2,4,1,2,0,3,3,27,TINGGI
149,4,4,0,3,4,0,2,2,3,0,4,4,0,3,4,4,2,2,1,4,28,TINGGI
150,3,1,2,2,0,4,2,0,0,1,3,1,2,2,0,0,2,4,4,3,21,SEDANG
151,3,0,2,3,2,1,0,0,0,2,3,0,2,3,2,3,4,4,4,2,27,TINGGI
152,4,4,1,3,3,0,0,1,2,3,4,4,1,3,3,4,4,3,2,1,29,TINGGI
153,3,0,3,3,0,2,0,4,0,1,3,0,3,3,0,2,4,0,4,3,22,SEDANG
154,1,3,4,1,4,3,0,3,2,4,1,3,4,1,4,1,4,1,2,0,21,SEDANG
155,4,1,1,0,0,4,4,1,1,3,4,1,1,0,0,0,0,3,3,1,13,RENDAH
156,1,4,2,1,4,4,4,3,0,4,1,4,2,1,4,0,0,1,4,0,17,SEDANG
157,3,1,0,0,3,1,3,3,1,0,3,1,0,0,3,3,1,1,3,4,19,SEDANG
158,4,4,4,4,4,4,0,2,3,4,4,4,4,4,4,0,4,2,1,0,27,TINGGI
159,4,2,1,3,3,3,0,2,2,0,4,2,1,3,3,1,4,2,2,4,26,SEDANG
160,2,3,0,4,3,0,0,0,1,0,2,3,0,4,3,4,4,4,3,4,31,TINGGI
161,2,4,0,1,1,2,2,1,3,0,2,4,0,1,1,2,2,3,1,4,20,SEDANG
162,4,1,4,1,1,0,1,2,1,1,4,1,4,1,1,4,3,2,3,3,26,SEDANG
163,3,3,0,0,2,3,4,0,0,3,3,3,0,0,2,1,0,4,4,1,18,SEDANG
164,4,4,3,1,3,0,1,1,1,1,4,4,3,1,3,4,3,3,3,3,31,TINGGI
165,2,1,1,4,1,2,0,0,0,2,2,1,1,4,1,2,4,4,4,2,25,SEDANG
166,0,0,0,0,0,3,4,0,0,0,0,0,0,0,0,1,0,4,4,4,13,RENDAH
167,2,3,3,2,0,2,4,2,2,0,2,3,3,2,0,2,0,2,2,4,20,SEDANG
168,2,3,1,4,0,0,4,3,4,0,2,3,1,4,0,4,0,1,0,4,19,SEDANG
169,0,1,2,0,4,2,2,4,3,4,0,1,2,0,4,2,2,0,1,0,12,RENDAH
170,0,0,0,2,1,3,4,1,1,1,0,0,0,2,1,1,0,3,3,3,13,RENDAH
171,3,3,3,4,3,4,1,0,1,1,3,3,3,4,3,0,3,4,3,3,29,TINGGI
172,0,2,3,1,0,1,0,1,1,3,0,2,3,1,0,3,4,3,3,1,20,SEDANG
173,1,3,4,0,3,1,3,4,0,4,1,3,4,0,3,3,1,0,4,0,19,SEDANG
174,1,2,4,3,3,1,4,2,4,0,1,2,4,3,3,3,0,2,0,4,22,SEDANG
175,3,3,4,2,3,2,1,3,2,4,3,3,4,2,3,2,3,1,2,0,23,SEDANG
176,2,1,3,1,3,1,4,1,4,0,2,1,3,1,3,3,0,3,0,4,20,SEDANG
177,1,4,1,4,4,1,2,0,3,0,1,4,1,4,4,3,2,4,1,4,28,TINGGI
178,4,4,3,0,4,0,2,0,4,1,4,4,3,0,4,4,2,4,0,3,28,TINGGI
179,2,1,3,4,4,0,1,3,1,1,2,1,3,4,4,4,3,1,3,3,28,TINGGI
180,4,4,3,3,4,2,1,4,0,1,4,4,3,3,4,2,3,0,4,3,30,TINGGI
181,4,1,3,0,1,4,4,3,4,4,4,1,3,0,1,0,0,1,0,0,10,RENDAH
182,2,2,4,2,4,2,2,4,2,1,2,2,4,2,4,2,2,0,2,3,23,SEDANG
183,0,1,1,2,0,2,2,2,2,4,0,1,1,2,0,2,2,2,2,0,12,RENDAH
184,1,0,4,2,1,0,0,0,4,3,1,0,4,2,1,4,4,4,0,1,21,SEDANG
185,4,3,0,3,3,3,3,0,1,4,4,3,0,3,3,1,1,4,3,0,22,SEDANG
186,3,2,4,2,1,2,1,1,1,2,3,2,4,2,1,2,3,3,3,2,25,SEDANG
187,0,0,1,3,2,2,4,1,4,2,0,0,1,3,2,2,0,3,0,2,13,RENDAH
188,2,3,1,4,4,0,2,3,1,0,2,3,1,4,4,4,2,1,3,4,28,TINGGI
189,4,4,4,1,2,4,3,1,0,2,4,4,4,1,2,0,1,3,4,2,25,SEDANG
190,4,1,4,2,4,3,0,3,1,1,4,1,4,2,4,1,4,1,3,3,27,TINGGI
191,0,0,0,0,1,3,3,1,1,2,0,0,0,0,1,1,1,3,3,2,11,RENDAH
192,0,4,0,1,1,2,4,2,4,0,0,4,0,1,1,2,0,2,0,4,14,SEDANG
193,0,3,1,1,4,2,0,3,4,2,0,3,1,1,4,2,4,1,0,2,18,SEDANG
194,0,0,2,0,3,1,3,2,4,4,0,0,2,0,3,3,1,2,0,0,11,RENDAH
195,3,2,2,0,4,1,1,3,3,1,3,2,2,0,4,3,3,1,1,3,22,SEDANG
196,2,0,4,0,4,1,4,0,0,2,2,0,4,0,4,3,0,4,4,2,23,SEDANG
197,0,0,0,1,1,1,4,3,3,2,0,0,0,1,1,3,0,1,1,2,9,RENDAH
198,2,1,2,3,4,3,0,0,2,0,2,1,2,3,4,1,4,4,2,4,27,TINGGI
199,4,4,3,0,4,0,0,4,0,1,4,4,3,0,4,4,4,0,4,3,30,TINGGI
200,0,2,2,3,2,3,0,0,3,1,0,2,2,3,2,1,4,4,1,3,22,SEDANG
201,1,0,2,1,3,4,4,4,1,4,1,0,2,1,3,0,0,0,3,0,10,RENDAH
202,2,4,4,4,0,2,0,1,3,0,2,4,4,4,0,2,4,3,1,4,28,TINGGI
203,0,2,2,3,2,0,1,0,3,1,0,2,2,3,2,4,3,4,1,3,24,SEDANG
204,3,4,3,3,4,3,1,0,4,0,3,4,3,3,4,1,3,4,0,4,29,TINGGI
205,4,0,3,1,3,1,0,1,0,1,4,0,3,1,3,3,4,3,4,3,28,TINGGI
206,0,4,2,0,2,2,0,0,3,4,0,4,2,0,2,2,4,4,1,0,19,SEDANG
207,2,0,4,3,0,3,2,4,2,4,2,0,4,3,0,1,2,0,2,0,14,SEDANG
208,0,3,4,2,3,3,0,1,2,4,0,3,4,2,3,1,4,3,2,0,22,SEDANG
209,2,1,4,1,3,3,3,3,4,2,2,1,4,1,3,1,1,1,0,2,16,SEDANG
210,2,1,0,1,4,1,4,4,3,3,2,1,0,1,4,3,0,0,1,1,13,RENDAH
211,3,4,0,4,1,3,1,4,4,2,3,4,0,4,1,1,3,0,0,2,18,SEDANG
212,3,3,3,0,2,2,4,0,1,3,3,3,3,0,2,2,0,4,3,1,21,SEDANG
213,2,4,1,2,3,1,2,1,0,1,2,4,1,2,3,3,2,3,4,3,27,TINGGI
214,3,3,0,3,1,1,1,2,1,1,3,3,0,3,1,3,3,2,3,3,24,SEDANG
215,4,1,4,3,3,4,4,2,1,2,4,1,4,3,3,0,0,2,3,2,22,SEDANG
216,4,3,3,3,4,2,1,0,3,0,4,3,3,3,4,2,3,4,1,4,31,TINGGI
217,1,4,3,3,1,0,1,2,0,1,1,4,3,3,1,4,3,2,4,3,28,TINGGI
218,2,3,4,0,0,1,4,2,2,1,2,3,4,0,0,3,0,2,2,3,19,SEDANG
219,2,2,0,1,0,4,2,3,3,2,2,2,0,1,0,0,2,1,1,2,11,RENDAH
220,0,2,0,2,0,1,0,0,2,1,0,2,0,2,0,3,4,4,2,3,20,SEDANG
221,1,3,2,4,3,1,2,4,4,3,1,3,2,4,3,3,2,0,0,1,19,SEDANG
222,4,3,4,2,2,2,2,0,0,4,4,3,4,2,2,2,2,4,4,0,27,TINGGI
223,4,0,4,4,4,4,3,0,0,1,4,0,4,4,4,0,1,4,4,3,28,TINGGI
224,3,3,3,2,2,0,1,4,4,1,3,3,3,2,2,4,3,0,0,3,23,SEDANG
225,4,3,4,1,3,0,0,3,0,3,4,3,4,1,3,4,4,1,4,1,29,TINGGI
226,4,0,4,4,1,2,1,1,0,0,4,0,4,4,1,2,3,3,4,4,29,TINGGI
227,0,4,0,0,1,4,0,2,3,4,0,4,0,0,1,0,4,2,1,0,12,RENDAH
228,0,0,2,3,1,1,4,4,1,4,0,0,2,3,1,3,0,0,3,0,12,RENDAH
229,2,2,1,2,0,4,3,3,1,3,2,2,1,2,0,0,1,1,3,1,13,RENDAH
230,1,3,4,2,0,3,4,3,4,4,1,3,4,2,0,1,0,1,0,0,12,RENDAH
231,4,0,4,2,1,2,0,0,0,2,4,0,4,2,1,2,4,4,4,2,27,TINGGI
232,0,0,0,4,1,2,4,1,3,0,0,0,0,4,1,2,0,3,1,4,15,SEDANG
233,4,2,0,3,3,0,2,0,1,1,4,2,0,3,3,4,2,4,3,3,28,TINGGI
234,3,2,0,4,3,2,2,3,1,0,3,2,0,4,3,2,2,1,3,4,24,SEDANG
235,4,3,4,1,4,1,2,0,1,3,4,3,4,1,4,3,2,4,3,1,29,TINGGI
236,0,2,1,0,2,4,0,2,3,1,0,2,1,0,2,0,4,2,1,3,15,SEDANG
237,4,0,2,0,2,4,4,3,2,4,4,0,2,0,2,0,0,1,2,0,11,RENDAH
238,0,0,3,2,1,2,4,2,2,0,0,0,3,2,1,2,0,2,2,4,16,SEDANG
239,4,2,0,0,1,4,3,2,0,2,4,2,0,0,1,0,1,2,4,2,16,SEDANG
240,1,4,0,1,4,4,3,4,3,0,1,4,0,1,4,0,1,0,1,4,16,SEDANG
241,4,3,3,4,0,3,0,2,2,0,4,3,3,4,0,1,4,2,2,4,27,TINGGI
242,1,4,2,2,4,2,0,0,0,2,1,4,2,2,4,2,4,4,4,2,29,TINGGI
243,2,3,1,0,4,3,2,4,1,4,2,3,1,0,4,1,2,0,3,0,16,SEDANG
244,2,1,4,1,4,4,4,3,4,4,2,1,4,1,4,0,0,1,0,0,13,RENDAH
245,4,0,4,4,4,3,0,3,2,0,4,0,4,4,4,1,4,1,2,4,28,TINGGI
246,0,3,2,0,0,0,4,0,4,2,0,3,2,0,0,4,0,4,0,2,15,SEDANG
247,4,1,1,3,0,0,2,4,3,0,4,1,1,3,0,4,2,0,1,4,20,SEDANG
248,1,2,1,1,0,3,4,1,0,2,1,2,1,1,0,1,0,3,4,2,15,SEDANG
249,2,1,1,3,2,1,3,2,2,3,2,1,1,3,2,3,1,2,2,1,18,SEDANG
250,4,2,3,4,0,2,2,4,0,2,4,2,3,4,0,2,2,0,4,2,23,SEDANG
251,3,0,0,4,2,4,4,3,0,3,3,0,0,4,2,0,0,1,4,1,15,SEDANG
252,3,3,3,4,0,0,0,1,0,0,3,3,3,4,0,4,4,3,4,4,32,TINGGI
253,3,4,2,4,2,4,3,4,1,2,3,4,2,4,2,0,1,0,3,2,21,SEDANG
254,4,2,2,3,2,2,4,1,1,2,4,2,2,3,2,2,0,3,3,2,23,SEDANG
255,0,3,3,0,2,4,1,3,4,4,0,3,3,0,2,0,3,1,0,0,12,RENDAH
256,0,4,2,1,4,2,0,1,0,0,0,4,2,1,4,2,4,3,4,4,28,TINGGI
257,3,2,1,1,4,3,3,1,0,1,3,2,1,1,4,1,1,3,4,3,23,SEDANG
258,0,2,3,1,0,1,3,3,4,3,0,2,3,1,0,3,1,1,0,1,12,RENDAH
259,4,3,0,1,1,4,3,0,0,0,4,3,0,1,1,0,1,4,4,4,22,SEDANG
260,4,3,3,1,1,4,4,0,4,4,4,3,3,1,1,0,0,4,0,0,16,SEDANG
261,4,1,4,0,4,1,0,2,0,3,4,1,4,0,4,3,4,2,4,1,27,TINGGI
262,0,0,0,2,4,2,2,3,2,2,0,0,0,2,4,2,2,1,2,2,15,SEDANG
263,3,0,2,2,0,4,2,4,0,4,3,0,2,2,0,0,2,0,4,0,13,RENDAH
264,4,4,4,2,1,1,1,2,0,3,4,4,4,2,1,3,3,2,4,1,28,TINGGI
265,3,2,3,0,3,4,3,4,1,4,3,2,3,0,3,0,1,0,3,0,15,SEDANG
266,3,4,0,2,1,4,2,4,3,2,3,4,0,2,1,0,2,0,1,2,15,SEDANG
267,2,3,0,0,0,0,1,2,2,2,2,3,0,0,0,4,3,2,2,2,18,SEDANG
268,3,0,2,3,3,1,0,3,0,1,3,0,2,3,3,3,4,1,4,3,26,SEDANG
269,4,4,4,4,4,1,2,4,1,3,4,4,4,4,4,3,2,0,3,1,29,TINGGI
270,1,4,2,0,3,3,2,3,1,2,1,4,2,0,3,1,2,1,3,2,19,SEDANG
271,0,0,4,4,3,0,1,1,1,1,0,0,4,4,3,4,3,3,3,3,27,TINGGI
272,4,4,2,3,1,2,4,2,2,2,4,4,2,3,1,2,0,2,2,2,22,SEDANG
273,4,0,3,4,0,4,3,4,3,4,4,0,3,4,0,0,1,0,1,0,13,RENDAH
274,3,4,4,3,1,1,0,1,3,0,3,4,4,3,1,3,4,3,1,4,30,TINGGI
275,3,3,3,4,1,1,1,1,1,2,3,3,3,4,1,3,3,3,3,2,28,TINGGI
276,0,4,4,0,0,4,3,1,2,4,0,4,4,0,0,0,1,3,2,0,14,SEDANG
277,4,1,0,2,2,2,3,1,0,1,4,1,0,2,2,2,1,3,4,3,22,SEDANG
278,3,3,0,4,2,4,0,4,4,2,3,3,0,4,2,0,4,0,0,2,18,SEDANG
279,4,2,4,4,3,2,2,1,1,4,4,2,4,4,3,2,2,3,3,0,27,TINGGI
280,2,1,4,1,1,0,4,0,0,0,2,1,4,1,1,4,0,4,4,4,25,SEDANG
281,1,1,4,3,3,0,2,4,2,0,1,1,4,3,3,4,2,0,2,4,24,SEDANG
282,3,4,0,4,2,4,0,0,2,0,3,4,0,4,2,0,4,4,2,4,27,TINGGI
283,4,4,2,3,4,0,1,0,4,3,4,4,2,3,4,4,3,4,0,1,29,TINGGI
284,2,4,0,3,0,4,3,2,1,2,2,4,0,3,0,0,1,2,3,2,17,SEDANG
285,3,3,3,4,4,2,0,1,3,1,3,3,3,4,4,2,4,3,1,3,30,TINGGI
286,4,1,2,0,0,0,4,1,2,0,4,1,2,0,0,4,0,3,2,4,20,SEDANG
287,4,3,1,0,2,2,2,0,2,3,4,3,1,0,2,2,2,4,2,1,21,SEDANG
288,3,0,1,0,0,0,4,0,4,3,3,0,1,0,0,4,0,4,0,1,13,RENDAH
289,1,3,3,2,1,3,2,2,2,3,1,3,3,2,1,1,2,2,2,1,18,SEDANG
290,4,3,3,4,4,0,2,0,3,3,4,3,3,4,4,4,2,4,1,1,30,TINGGI
291,2,4,1,2,0,4,2,4,1,4,2,4,1,2,0,0,2,0,3,0,14,SEDANG
292,4,4,4,1,3,2,3,1,1,2,4,4,4,1,3,2,1,3,3,2,27,TINGGI
293,3,0,1,0,2,0,4,4,1,1,3,0,1,0,2,4,0,0,3,3,16,SEDANG
294,0,2,3,4,2,2,0,4,3,0,0,2,3,4,2,2,4,0,1,4,22,SEDANG
295,0,2,4,4,0,2,1,0,1,3,0,2,4,4,0,2,3,4,3,1,23,SEDANG
296,2,0,2,0,0,4,2,3,2,4,2,0,2,0,0,0,2,1,2,0,9,RENDAH
297,4,0,0,4,1,3,4,4,0,1,4,0,0,4,1,1,0,0,4,3,17,SEDANG
298,2,0,0,1,4,4,4,1,4,4,2,0,0,1,4,0,0,3,0,0,10,RENDAH
299,4,0,1,3,1,4,3,1,3,4,4,0,1,3,1,0,1,3,1,0,14,SEDANG
300,4,0,4,1,4,0,1,0,1,3,4,0,4,1,4,4,3,4,3,1,28,TINGGI
301,2,1,2,2,2,3,1,3,1,3,2,1,2,2,2,1,3,1,3,1,18,SEDANG
302,2,0,4,0,0,1,3,4,0,2,2,0,4,0,0,3,1,0,4,2,16,SEDANG
303,1,1,0,4,0,4,4,3,0,2,1,1,0,4,0,0,0,1,4,2,13,RENDAH
304,4,4,4,2,2,0,1,4,0,2,4,4,4,2,2,4,3,0,4,2,29,TINGGI
305,1,2,3,2,4,0,2,2,4,1,1,2,3,2,4,4,2,2,0,3,23,SEDANG
306,4,3,1,3,2,1,3,0,4,0,4,3,1,3,2,3,1,4,0,4,25,SEDANG
307,0,3,0,2,1,2,2,4,2,3,0,3,0,2,1,2,2,0,2,1,13,RENDAH
308,0,2,0,1,1,2,4,0,3,2,0,2,0,1,1,2,0,4,1,2,13,RENDAH
309,1,0,1,3,4,1,0,0,0,1,1,0,1,3,4,3,4,4,4,3,27,TINGGI
310,1,4,3,0,1,4,3,1,2,4,1,4,3,0,1,0,1,3,2,0,15,SEDANG
311,0,0,1,3,0,3,4,1,3,1,0,0,1,3,0,1,0,3,1,3,12,RENDAH
312,0,1,3,0,2,1,2,2,1,4,0,1,3,0,2,3,2,2,3,0,16,SEDANG
313,2,3,1,1,3,0,0,1,1,1,2,3,1,1,3,4,4,3,3,3,27,TINGGI
314,2,0,0,3,2,3,2,4,1,4,2,0,0,3,2,1,2,0,3,0,13,RENDAH
315,4,1,3,4,4,0,2,0,0,1,4,1,3,4,4,4,2,4,4,3,33,TINGGI
316,0,2,0,3,4,4,4,1,0,3,0,2,0,3,4,0,0,3,4,1,17,SEDANG
317,0,4,3,1,2,0,0,4,3,1,0,4,3,1,2,4,4,0,1,3,22,SEDANG
318,2,1,4,4,4,4,0,1,1,1,2,1,4,4,4,0,4,3,3,3,28,TINGGI
319,3,2,4,0,4,0,0,0,0,1,3,2,4,0,4,4,4,4,4,3,32,TINGGI
320,1,3,1,0,1,3,1,3,4,3,1,3,1,0,1,1,3,1,0,1,12,RENDAH
321,1,3,3,2,0,4,4,3,3,4,1,3,3,2,0,0,0,1,1,0,11,RENDAH
322,0,1,1,2,2,4,4,1,0,3,0,1,1,2,2,0,0,3,4,1,14,SEDANG
323,4,3,4,3,1,0,1,4,3,0,4,3,4,3,1,4,3,0,1,4,27,TINGGI
324,0,1,3,3,2,0,3,2,4,2,0,1,3,3,2,4,1,2,0,2,18,SEDANG
325,3,4,3,4,4,2,1,2,2,4,3,4,3,4,4,2,3,2,2,0,27,TINGGI
326,2,1,2,1,0,3,4,3,3,3,2,1,2,1,0,1,0,1,1,1,10,RENDAH
327,2,2,4,3,2,2,2,0,2,2,2,2,4,3,2,2,2,4,2,2,25,SEDANG
328,3,0,0,1,1,4,1,4,2,2,3,0,0,1,1,0,3,0,2,2,12,RENDAH
329,3,3,3,3,3,0,1,1,3,1,3,3,3,3,3,4,3,3,1,3,29,TINGGI
330,3,0,4,3,2,0,1,4,0,0,3,0,4,3,2,4,3,0,4,4,27,TINGGI
331,1,4,2,4,3,0,1,1,2,2,1,4,2,4,3,4,3,3,2,2,28,TINGGI
332,1,3,2,4,3,0,0,3,2,1,1,3,2,4,3,4,4,1,2,3,27,TINGGI
333,0,0,0,0,0,0,0,2,0,3,0,0,0,0,0,4,4,2,4,1,15,SEDANG
334,3,2,1,2,3,2,2,1,2,3,3,2,1,2,3,2,2,3,2,1,21,SEDANG
335,1,4,0,2,1,4,0,0,0,1,1,4,0,2,1,0,4,4,4,3,23,SEDANG
336,4,3,4,4,0,1,0,2,3,1,4,3,4,4,0,3,4,2,1,3,28,TINGGI
337,4,3,1,3,3,4,1,2,1,3,4,3,1,3,3,0,3,2,3,1,23,SEDANG
338,3,1,2,4,1,4,4,1,2,4,3,1,2,4,1,0,0,3,2,0,16,SEDANG
339,1,3,2,0,0,0,4,3,0,3,1,3,2,0,0,4,0,1,4,1,16,SEDANG
340,3,2,1,3,0,3,4,4,2,3,3,2,1,3,0,1,0,0,2,1,13,RENDAH
341,4,2,1,3,0,3,4,4,0,1,4,2,1,3,0,1,0,0,4,3,18,SEDANG
342,4,0,4,4,2,3,1,1,0,0,4,0,4,4,2,1,3,3,4,4,29,TINGGI
343,0,0,3,1,4,2,0,4,4,3,0,0,3,1,4,2,4,0,0,1,15,SEDANG
344,0,1,4,0,2,2,0,2,0,3,0,1,4,0,2,2,4,2,4,1,20,SEDANG
345,1,2,2,3,3,3,3,1,3,2,1,2,2,3,3,1,1,3,1,2,19,SEDANG
346,0,0,2,2,0,2,1,3,3,3,0,0,2,2,0,2,3,1,1,1,12,RENDAH
347,2,4,0,4,1,1,3,1,1,4,2,4,0,4,1,3,1,3,3,0,21,SEDANG
348,3,0,2,3,4,0,2,2,0,0,3,0,2,3,4,4,2,2,4,4,28,TINGGI
349,2,0,4,4,1,0,2,1,0,0,2,0,4,4,1,4,2,3,4,4,28,TINGGI
350,2,1,0,4,3,4,4,4,2,4,2,1,0,4,3,0,0,0,2,0,12,RENDAH
351,1,0,4,0,4,3,4,4,4,2,1,0,4,0,4,1,0,0,0,2,12,RENDAH
352,1,1,4,2,1,3,4,3,2,4,1,1,4,2,1,1,0,1,2,0,13,RENDAH
353,0,2,3,0,1,1,1,1,4,2,0,2,3,0,1,3,3,3,0,2,17,SEDANG
354,3,2,4,3,4,4,1,3,3,0,3,2,4,3,4,0,3,1,1,4,25,SEDANG
355,1,3,0,3,0,4,3,4,3,2,1,3,0,3,0,0,1,0,1,2,11,RENDAH
356,2,1,2,0,4,4,3,1,3,2,2,1,2,0,4,0,1,3,1,2,16,SEDANG
357,3,4,0,3,3,0,0,3,2,0,3,4,0,3,3,4,4,1,2,4,28,TINGGI
358,3,4,0,3,4,2,0,2,2,0,3,4,0,3,4,2,4,2,2,4,28,TINGGI
359,3,2,2,2,3,0,0,4,2,0,3,2,2,2,3,4,4,0,2,4,26,SEDANG
360,2,4,1,1,1,3,4,4,2,0,2,4,1,1,1,1,0,0,2,4,16,SEDANG
361,3,0,3,1,2,4,0,4,4,4,3,0,3,1,2,0,4,0,0,0,13,RENDAH
362,0,0,3,3,1,3,0,1,0,4,0,0,3,3,1,1,4,3,4,0,19,SEDANG
363,1,1,3,3,4,4,3,2,0,3,1,1,3,3,4,0,1,2,4,1,20,SEDANG
364,0,1,3,0,1,3,0,4,4,1,0,1,3,0,1,1,4,0,0,3,13,RENDAH
365,4,4,4,1,0,2,0,2,0,0,4,4,4,1,0,2,4,2,4,4,29,TINGGI
366,0,0,0,1,3,3,0,2,1,2,0,0,0,1,3,1,4,2,3,2,16,SEDANG
367,1,2,1,0,1,2,2,3,3,2,1,2,1,0,1,2,2,1,1,2,13,RENDAH
368,4,0,0,4,2,3,0,3,2,3,4,0,0,4,2,1,4,1,2,1,19,SEDANG
369,2,3,1,4,4,1,3,0,1,4,2,3,1,4,4,3,1,4,3,0,25,SEDANG
370,3,1,3,3,1,0,2,0,3,0,3,1,3,3,1,4,2,4,1,4,26,SEDANG
371,1,0,0,4,2,1,3,1,4,0,1,0,0,4,2,3,1,3,0,4,18,SEDANG
372,0,0,2,2,0,3,3,1,4,1,0,0,2,2,0,1,1,3,0,3,12,RENDAH
373,4,3,2,2,1,0,0,4,1,0,4,3,2,2,1,4,4,0,3,4,27,TINGGI
374,1,2,3,4,2,4,3,0,0,0,1,2,3,4,2,0,1,4,4,4,25,SEDANG
375,4,2,0,1,0,0,3,0,0,3,4,2,0,1,0,4,1,4,4,1,21,SEDANG
376,1,0,4,4,4,1,4,1,0,0,1,0,4,4,4,3,0,3,4,4,27,TINGGI
377,4,2,1,2,1,1,0,2,3,3,4,2,1,2,1,3,4,2,1,1,21,SEDANG
378,4,3,2,4,2,3,1,0,2,0,4,3,2,4,2,1,3,4,2,4,29,TINGGI
379,3,3,3,2,0,2,4,1,4,0,3,3,3,2,0,2,0,3,0,4,20,SEDANG
380,4,0,4,4,3,4,0,0,2,1,4,0,4,4,3,0,4,4,2,3,28,TINGGI
381,2,2,3,3,4,0,2,0,4,1,2,2,3,3,4,4,2,4,0,3,27,TINGGI
382,3,0,3,1,3,2,4,0,1,1,3,0,3,1,3,2,0,4,3,3,22,SEDANG
383,4,4,3,0,0,3,3,3,1,3,4,4,3,0,0,1,1,1,3,1,18,SEDANG
384,1,0,2,1,0,4,2,4,0,4,1,0,2,1,0,0,2,0,4,0,10,RENDAH
385,3,2,1,1,0,3,3,1,0,1,3,2,1,1,0,1,1,3,4,3,19,SEDANG
386,3,1,2,1,4,4,3,2,4,0,3,1,2,1,4,0,1,2,0,4,18,SEDANG
387,4,0,0,0,4,4,4,2,4,2,4,0,0,0,4,0,0,2,0,2,12,RENDAH
388,1,0,0,1,0,3,3,1,1,2,1,0,0,1,0,1,1,3,3,2,12,RENDAH
389,4,1,0,2,0,4,4,2,4,3,4,1,0,2,0,0,0,2,0,1,10,RENDAH
390,4,3,2,2,4,3,3,0,3,4,4,3,2,2,4,1,1,4,1,0,22,SEDANG
391,1,4,1,2,4,2,3,3,0,2,1,4,1,2,4,2,1,1,4,2,22,SEDANG
392,3,3,4,2,1,0,1,0,4,1,3,3,4,2,1,4,3,4,0,3,27,TINGGI
393,3,4,2,1,4,4,4,0,2,0,3,4,2,1,4,0,0,4,2,4,24,SEDANG
394,4,0,0,2,4,0,1,2,2,3,4,0,0,2,4,4,3,2,2,1,22,SEDANG
395,2,0,1,2,0,0,4,4,1,1,2,0,1,2,0,4,0,0,3,3,15,SEDANG
396,0,0,4,0,2,0,3,4,3,3,0,0,4,0,2,4,1,0,1,1,13,RENDAH
397,0,0,4,4,2,2,0,2,4,0,0,0,4,4,2,2,4,2,0,4,22,SEDANG
398,0,1,3,2,2,4,0,3,4,4,0,1,3,2,2,0,4,1,0,0,13,RENDAH
399,0,2,3,0,3,4,3,2,2,1,0,2,3,0,3,0,1,2,2,3,16,SEDANG
400,0,2,1,2,3,2,4,0,2,3,0,2,1,2,3,2,0,4,2,1,17,SEDANG
401,4,1,0,0,2,1,3,2,3,3,4,1,0,0,2,3,1,2,1,1,15,SEDANG
402,4,3,2,3,2,1,1,0,4,3,4,3,2,3,2,3,3,4,0,1,25,SEDANG
403,4,0,2,2,0,0,1,1,0,2,4,0,2,2,0,4,3,3,4,2,24,SEDANG
404,3,2,4,0,4,3,1,3,4,2,3,2,4,0,4,1,3,1,0,2,20,SEDANG
405,2,4,4,2,1,0,0,1,2,0,2,4,4,2,1,4,4,3,2,4,30,TINGGI
406,3,3,4,3,2,0,1,0,2,3,3,3,4,3,2,4,3,4,2,1,29,TINGGI
407,2,1,1,1,4,0,0,0,0,1,2,1,1,1,4,4,4,4,4,3,28,TINGGI
408,3,3,4,2,1,4,3,0,3,3,3,3,4,2,1,0,1,4,1,1,20,SEDANG
409,1,1,3,1,3,1,3,4,4,1,1,1,3,1,3,3,1,0,0,3,16,SEDANG
410,2,4,1,2,3,2,0,0,2,1,2,4,1,2,3,2,4,4,2,3,27,TINGGI
411,4,0,4,4,2,0,1,0,1,2,4,0,4,4,2,4,3,4,3,2,30,TINGGI
412,1,2,0,2,3,1,4,1,3,1,1,2,0,2,3,3,0,3,1,3,18,SEDANG
413,3,4,3,3,4,0,0,1,4,4,3,4,3,3,4,4,4,3,0,0,28,TINGGI
414,3,2,1,4,4,1,0,1,1,1,3,2,1,4,4,3,4,3,3,3,30,TINGGI
415,3,2,1,0,4,0,0,0,3,0,3,2,1,0,4,4,4,4,1,4,27,TINGGI
416,1,3,3,3,4,2,2,0,1,3,1,3,3,3,4,2,2,4,3,1,26,SEDANG
417,0,2,2,1,3,4,0,2,1,1,0,2,2,1,3,0,4,2,3,3,20,SEDANG
418,0,4,0,0,2,0,4,3,2,4,0,4,0,0,2,4,0,1,2,0,13,RENDAH
419,4,2,4,0,4,0,4,3,3,1,4,2,4,0,4,4,0,1,1,3,23,SEDANG
420,1,1,2,3,4,0,0,2,0,3,1,1,2,3,4,4,4,2,4,1,26,SEDANG
421,2,4,3,0,4,3,0,3,4,0,2,4,3,0,4,1,4,1,0,4,23,SEDANG
422,2,1,0,1,3,3,4,4,3,3,2,1,0,1,3,1,0,0,1,1,10,RENDAH
423,1,0,2,0,1,4,1,3,1,2,1,0,2,0,1,0,3,1,3,2,13,RENDAH
424,4,3,4,4,4,2,4,0,3,2,4,3,4,4,4,2,0,4,1,2,28,TINGGI
425,1,1,1,3,3,4,3,2,2,1,1,1,1,3,3,0,1,2,2,3,17,SEDANG
426,1,0,1,1,2,4,0,4,3,2,1,0,1,1,2,0,4,0,1,2,12,RENDAH
427,4,2,4,3,0,1,0,0,3,0,4,2,4,3,0,3,4,4,1,4,29,TINGGI
428,1,2,1,4,0,4,4,3,3,4,1,2,1,4,0,0,0,1,1,0,10,RENDAH
429,2,4,3,2,2,4,1,3,4,1,2,4,3,2,2,0,3,1,0,3,20,SEDANG
430,0,1,3,2,1,3,4,4,4,0,0,1,3,2,1,1,0,0,0,4,12,RENDAH
431,0,1,0,0,0,3,3,4,1,2,0,1,0,0,0,1,1,0,3,2,8,RENDAH
432,1,2,4,2,2,1,2,0,4,2,1,2,4,2,2,3,2,4,0,2,22,SEDANG
433,3,2,2,3,1,3,2,2,4,1,3,2,2,3,1,1,2,2,0,3,19,SEDANG
434,1,0,1,3,2,2,2,3,4,4,1,0,1,3,2,2,2,1,0,0,12,RENDAH
435,3,2,1,4,3,4,4,1,4,2,3,2,1,4,3,0,0,3,0,2,18,SEDANG
436,4,3,1,3,0,1,3,1,1,0,4,3,1,3,0,3,1,3,3,4,25,SEDANG
437,3,4,2,3,4,1,2,4,1,1,3,4,2,3,4,3,2,0,3,3,27,TINGGI
438,2,4,1,1,2,1,3,3,0,2,2,4,1,1,2,3,1,1,4,2,21,SEDANG
439,0,3,1,3,3,0,1,2,1,3,0,3,1,3,3,4,3,2,3,1,23,SEDANG
440,0,0,2,3,3,1,1,3,0,2,0,0,2,3,3,3,3,1,4,2,21,SEDANG
441,1,0,1,2,3,4,3,3,4,1,1,0,1,2,3,0,1,1,0,3,12,RENDAH
442,1,3,4,2,4,0,1,1,1,2,1,3,4,2,4,4,3,3,3,2,29,TINGGI
443,1,1,4,2,4,0,3,0,1,4,1,1,4,2,4,4,1,4,3,0,24,SEDANG
444,0,1,1,1,4,3,2,4,1,4,0,1,1,1,4,1,2,0,3,0,13,RENDAH
445,4,4,4,4,1,2,1,0,4,0,4,4,4,4,1,2,3,4,0,4,30,TINGGI
446,4,3,4,0,4,3,1,1,1,3,4,3,4,0,4,1,3,3,3,1,26,SEDANG
447,4,2,1,1,2,3,0,2,4,1,4,2,1,1,2,1,4,2,0,3,20,SEDANG
448,4,1,1,4,1,0,1,0,1,2,4,1,1,4,1,4,3,4,3,2,27,TINGGI
449,0,2,1,3,1,4,3,3,0,4,0,2,1,3,1,0,1,1,4,0,13,RENDAH
450,2,4,4,0,3,0,4,1,0,0,2,4,4,0,3,4,0,3,4,4,28,TINGGI
451,1,1,0,0,4,4,2,4,4,4,1,1,0,0,4,0,2,0,0,0,8,RENDAH
452,2,1,2,0,1,4,0,2,3,4,2,1,2,0,1,0,4,2,1,0,13,RENDAH
453,0,1,2,1,1,2,3,4,3,3,0,1,2,1,1,2,1,0,1,1,10,RENDAH
454,2,1,4,2,4,4,0,1,0,0,2,1,4,2,4,0,4,3,4,4,28,TINGGI
455,2,1,2,2,4,0,0,1,1,1,2,1,2,2,4,4,4,3,3,3,28,TINGGI
456,2,2,2,2,1,2,0,3,2,4,2,2,2,2,1,2,4,1,2,0,18,SEDANG
457,2,4,4,1,2,2,4,2,4,0,2,4,4,1,2,2,0,2,0,4,21,SEDANG
458,1,1,2,4,3,0,0,0,0,1,1,1,2,4,3,4,4,4,4,3,30,TINGGI
459,4,4,1,1,1,0,0,0,0,2,4,4,1,1,1,4,4,4,4,2,29,TINGGI
460,3,4,4,3,0,4,2,3,1,0,3,4,4,3,0,0,2,1,3,4,24,SEDANG
461,0,2,2,3,4,1,4,4,3,3,0,2,2,3,4,3,0,0,1,1,16,SEDANG
462,3,0,0,3,2,2,3,2,1,0,3,0,0,3,2,2,1,2,3,4,20,SEDANG
463,2,3,4,4,3,3,0,0,1,0,2,3,4,4,3,1,4,4,3,4,32,TINGGI
464,2,3,4,3,1,0,4,3,0,2,2,3,4,3,1,4,0,1,4,2,24,SEDANG
465,1,0,4,0,1,2,1,2,2,3,1,0,4,0,1,2,3,2,2,1,16,SEDANG
466,3,2,0,3,2,0,3,4,0,0,3,2,0,3,2,4,1,0,4,4,23,SEDANG
467,4,3,0,4,4,2,0,4,3,0,4,3,0,4,4,2,4,0,1,4,26,SEDANG
468,2,0,1,0,4,3,3,3,4,2,2,0,1,0,4,1,1,1,0,2,12,RENDAH
469,3,4,3,2,4,4,1,2,0,1,3,4,3,2,4,0,3,2,4,3,28,TINGGI
470,2,4,4,3,3,2,2,1,1,1,2,4,4,3,3,2,2,3,3,3,29,TINGGI
471,1,4,1,1,1,0,2,2,1,4,1,4,1,1,1,4,2,2,3,0,19,SEDANG
472,4,3,2,4,1,0,0,2,2,1,4,3,2,4,1,4,4,2,2,3,29,TINGGI
473,4,3,1,2,3,3,3,0,4,1,4,3,1,2,3,1,1,4,0,3,22,SEDANG
474,4,3,4,3,2,0,0,4,1,4,4,3,4,3,2,4,4,0,3,0,27,TINGGI
475,4,3,3,2,3,4,4,3,0,1,4,3,3,2,3,0,0,1,4,3,23,SEDANG
476,4,0,4,4,4,1,4,1,1,2,4,0,4,4,4,3,0,3,3,2,27,TINGGI
477,2,4,1,2,0,1,2,2,3,1,2,4,1,2,0,3,2,2,1,3,20,SEDANG
478,3,1,3,3,2,0,4,1,4,2,3,1,3,3,2,4,0,3,0,2,21,SEDANG
479,3,3,3,3,2,4,2,3,2,4,3,3,3,3,2,0,2,1,2,0,19,SEDANG
480,0,0,0,0,1,3,4,0,1,1,0,0,0,0,1,1,0,4,3,3,12,RENDAH
481,1,1,4,4,2,0,1,2,2,0,1,1,4,4,2,4,3,2,2,4,27,TINGGI
482,0,3,1,4,4,0,0,3,3,4,0,3,1,4,4,4,4,1,1,0,22,SEDANG
483,3,3,4,1,0,0,1,1,4,1,3,3,4,1,0,4,3,3,0,3,24,SEDANG
484,4,3,3,4,0,1,2,4,0,0,4,3,3,4,0,3,2,0,4,4,27,TINGGI
485,1,0,3,1,4,4,3,4,2,3,1,0,3,1,4,0,1,0,2,1,13,RENDAH
486,3,2,3,3,1,0,4,1,4,1,3,2,3,3,1,4,0,3,0,3,22,SEDANG
487,1,2,3,2,1,2,0,1,4,0,1,2,3,2,1,2,4,3,0,4,22,SEDANG
488,2,3,4,4,2,0,3,0,2,4,2,3,4,4,2,4,1,4,2,0,26,SEDANG
489,4,4,3,0,4,0,4,0,0,0,4,4,3,0,4,4,0,4,4,4,31,TINGGI
490,4,4,4,3,3,0,0,2,1,3,4,4,4,3,3,4,4,2,3,1,32,TINGGI
491,4,2,3,4,2,2,3,2,0,1,4,2,3,4,2,2,1,2,4,3,27,TINGGI
492,4,2,3,3,3,0,0,1,0,2,4,2,3,3,3,4,4,3,4,2,32,TINGGI
493,3,3,4,3,4,1,4,1,3,3,3,3,4,3,4,3,0,3,1,1,25,SEDANG
494,0,0,1,2,0,2,3,1,4,0,0,0,1,2,0,2,1,3,0,4,13,RENDAH
495,4,4,1,4,3,4,0,0,2,2,4,4,1,4,3,0,4,4,2,2,28,TINGGI
496,4,1,4,0,3,2,1,3,2,0,4,1,4,0,3,2,3,1,2,4,24,SEDANG
497,1,3,4,2,2,0,3,0,0,3,1,3,4,2,2,4,1,4,4,1,26,SEDANG
498,0,4,2,0,0,4,1,3,0,3,0,4,2,0,0,0,3,1,4,1,15,SEDANG
499,4,4,3,1,2,1,1,2,0,2,4,4,3,1,2,3,3,2,4,2,28,TINGGI
500,4,3,3,1,4,4,2,4,0,1,4,3,3,1,4,0,2,0,4,3,24,SEDANG
501,4,4,1,3,4,2,1,2,1,3,4,4,1,3,4,2,3,2,3,1,27,TINGGI
502,0,2,1,0,2,3,1,4,3,4,0,2,1,0,2,1,3,0,1,0,10,RENDAH
503,2,4,2,2,1,3,0,4,1,0,2,4,2,2,1,1,4,0,3,4,23,SEDANG
504,0,0,0,4,3,1,3,1,0,4,0,0,0,4,3,3,1,3,4,0,18,SEDANG
505,4,2,3,0,0,1,1,2,3,2,4,2,3,0,0,3,3,2,1,2,20,SEDANG
506,3,0,3,3,3,2,4,1,2,4,3,0,3,3,3,2,0,3,2,0,19,SEDANG
507,1,4,1,4,1,4,1,2,2,1,1,4,1,4,1,0,3,2,2,3,21,SEDANG
508,0,2,0,4,4,1,4,4,0,1,0,2,0,4,4,3,0,0,4,3,20,SEDANG
509,0,2,2,0,0,4,4,1,1,2,0,2,2,0,0,0,0,3,3,2,12,RENDAH
510,4,1,0,3,0,0,2,0,3,4,4,1,0,3,0,4,2,4,1,0,19,SEDANG
511,1,1,0,0,0,3,0,0,0,4,1,1,0,0,0,1,4,4,4,0,15,SEDANG
512,3,2,1,4,3,2,4,2,2,1,3,2,1,4,3,2,0,2,2,3,22,SEDANG
513,4,2,4,4,1,1,0,1,2,1,4,2,4,4,1,3,4,3,2,3,30,TINGGI
514,3,2,0,4,4,0,4,0,0,1,3,2,0,4,4,4,0,4,4,3,28,TINGGI
515,0,2,1,3,3,0,4,2,1,3,0,2,1,3,3,4,0,2,3,1,19,SEDANG
516,2,4,3,0,0,3,1,4,3,2,2,4,3,0,0,1,3,0,1,2,16,SEDANG
517,0,0,1,1,3,4,4,3,3,0,0,0,1,1,3,0,0,1,1,4,11,RENDAH
518,1,2,3,3,2,1,0,3,0,0,1,2,3,3,2,3,4,1,4,4,27,TINGGI
519,2,4,3,3,2,0,1,0,3,3,2,4,3,3,2,4,3,4,1,1,27,TINGGI
520,0,4,0,0,1,1,4,3,4,3,0,4,0,0,1,3,0,1,0,1,10,RENDAH
521,3,2,3,4,0,2,2,0,1,4,3,2,3,4,0,2,2,4,3,0,23,SEDANG
522,1,4,2,0,3,0,2,0,4,1,1,4,2,0,3,4,2,4,0,3,23,SEDANG
523,2,3,4,2,0,2,2,2,0,1,2,3,4,2,0,2,2,2,4,3,24,SEDANG
524,4,1,4,0,3,0,2,0,0,0,4,1,4,0,3,4,2,4,4,4,30,TINGGI
525,4,4,4,4,0,3,0,1,2,3,4,4,4,4,0,1,4,3,2,1,27,TINGGI
526,1,4,0,3,0,3,4,3,3,2,1,4,0,3,0,1,0,1,1,2,13,RENDAH
527,0,0,0,0,2,0,3,4,0,2,0,0,0,0,2,4,1,0,4,2,13,RENDAH
528,4,4,2,3,3,4,2,2,1,0,4,4,2,3,3,0,2,2,3,4,27,TINGGI
529,4,2,2,3,1,2,0,2,0,0,4,2,2,3,1,2,4,2,4,4,28,TINGGI
530,4,4,1,2,3,4,3,0,0,3,4,4,1,2,3,0,1,4,4,1,24,SEDANG
531,3,2,2,3,1,4,4,4,0,4,3,2,2,3,1,0,0,0,4,0,15,SEDANG
532,4,1,2,3,1,3,0,2,3,4,4,1,2,3,1,1,4,2,1,0,19,SEDANG
533,4,2,2,1,2,0,4,1,2,3,4,2,2,1,2,4,0,3,2,1,21,SEDANG
534,0,3,4,0,1,4,4,3,2,2,0,3,4,0,1,0,0,1,2,2,13,RENDAH
535,3,1,1,2,0,4,4,3,0,3,3,1,1,2,0,0,0,1,4,1,13,RENDAH
536,4,2,1,3,4,0,0,0,3,4,4,2,1,3,4,4,4,4,1,0,27,TINGGI
537,1,1,2,2,3,4,2,1,1,1,1,1,2,2,3,0,2,3,3,3,20,SEDANG
538,4,1,1,4,2,0,4,0,4,1,4,1,1,4,2,4,0,4,0,3,23,SEDANG
539,3,4,0,4,4,4,0,1,3,0,3,4,0,4,4,0,4,3,1,4,27,TINGGI
540,4,2,3,2,2,1,1,0,2,0,4,2,3,2,2,3,3,4,2,4,29,TINGGI
541,3,3,4,1,3,0,2,0,0,0,3,3,4,1,3,4,2,4,4,4,32,TINGGI
542,4,3,0,4,4,0,4,0,1,2,4,3,0,4,4,4,0,4,3,2,28,TINGGI
543,1,3,2,3,1,1,1,1,3,0,1,3,2,3,1,3,3,3,1,4,24,SEDANG
544,4,3,1,1,4,0,2,1,4,4,4,3,1,1,4,4,2,3,0,0,22,SEDANG
545,0,4,4,1,4,2,1,0,3,2,0,4,4,1,4,2,3,4,1,2,25,SEDANG
546,0,0,4,4,2,4,3,4,3,4,0,0,4,4,2,0,1,0,1,0,12,RENDAH
547,0,3,1,0,4,1,2,4,1,3,0,3,1,0,4,3,2,0,3,1,17,SEDANG
548,0,1,3,0,3,2,4,3,4,3,0,1,3,0,3,2,0,1,0,1,11,RENDAH
549,0,0,0,2,3,4,1,0,3,4,0,0,0,2,3,0,3,4,1,0,13,RENDAH
550,1,4,2,0,4,1,2,3,0,1,1,4,2,0,4,3,2,1,4,3,24,SEDANG
551,3,1,2,0,2,2,1,0,0,0,3,1,2,0,2,2,3,4,4,4,25,SEDANG
552,2,1,3,0,4,0,3,0,0,0,2,1,3,0,4,4,1,4,4,4,27,TINGGI
553,3,4,3,3,0,4,0,2,3,0,3,4,3,3,0,0,4,2,1,4,24,SEDANG
554,2,4,2,4,4,1,3,4,0,1,2,4,2,4,4,3,1,0,4,3,27,TINGGI
555,2,2,1,1,1,4,4,3,4,1,2,2,1,1,1,0,0,1,0,3,11,RENDAH
556,1,0,1,2,1,4,2,0,2,4,1,0,1,2,1,0,2,4,2,0,13,RENDAH
557,4,3,2,1,3,3,4,4,3,4,4,3,2,1,3,1,0,0,1,0,15,SEDANG
558,1,1,0,4,3,0,0,2,1,4,1,1,0,4,3,4,4,2,3,0,22,SEDANG
559,2,0,0,1,3,3,0,2,3,4,2,0,0,1,3,1,4,2,1,0,14,SEDANG
560,1,3,2,3,1,0,0,1,1,0,1,3,2,3,1,4,4,3,3,4,28,TINGGI
561,2,3,0,0,1,4,0,3,1,1,2,3,0,0,1,0,4,1,3,3,17,SEDANG
562,4,3,2,4,3,1,4,3,0,1,4,3,2,4,3,3,0,1,4,3,27,TINGGI
563,3,3,2,3,1,1,1,1,0,1,3,3,2,3,1,3,3,3,4,3,28,TINGGI
564,1,1,0,3,3,1,4,4,1,2,1,1,0,3,3,3,0,0,3,2,16,SEDANG
565,0,0,4,1,3,4,4,4,4,4,0,0,4,1,3,0,0,0,0,0,8,RENDAH
566,3,4,4,3,0,1,2,4,0,2,3,4,4,3,0,3,2,0,4,2,25,SEDANG
567,3,4,0,2,4,0,4,2,3,4,3,4,0,2,4,4,0,2,1,0,20,SEDANG
568,2,3,4,0,4,0,0,1,4,0,2,3,4,0,4,4,4,3,0,4,28,TINGGI
569,1,3,0,2,0,3,3,2,3,0,1,3,0,2,0,1,1,2,1,4,15,SEDANG
570,1,0,0,0,0,0,3,4,3,1,1,0,0,0,0,4,1,0,1,3,10,RENDAH
571,3,4,2,4,3,0,1,3,3,1,3,4,2,4,3,4,3,1,1,3,28,TINGGI
572,1,3,3,3,2,0,4,4,1,0,1,3,3,3,2,4,0,0,3,4,23,SEDANG
573,4,1,0,4,0,4,4,2,3,3,4,1,0,4,0,0,0,2,1,1,13,RENDAH
574,2,3,3,3,4,3,3,2,0,4,2,3,3,3,4,1,1,2,4,0,23,SEDANG
575,4,0,4,4,2,1,1,3,1,0,4,0,4,4,2,3,3,1,3,4,28,TINGGI
576,1,0,2,1,4,0,4,1,3,3,1,0,2,1,4,4,0,3,1,1,17,SEDANG
577,0,1,4,4,1,0,1,2,1,1,0,1,4,4,1,4,3,2,3,3,25,SEDANG
578,4,4,0,3,4,2,3,2,1,0,4,4,0,3,4,2,1,2,3,4,27,TINGGI
579,2,1,2,3,2,4,3,1,0,3,2,1,2,3,2,0,1,3,4,1,19,SEDANG
580,2,4,3,4,2,0,3,0,0,2,2,4,3,4,2,4,1,4,4,2,30,TINGGI
581,1,2,0,1,1,1,4,4,2,4,1,2,0,1,1,3,0,0,2,0,10,RENDAH
582,4,1,1,3,1,4,4,2,1,2,4,1,1,3,1,0,0,2,3,2,17,SEDANG
583,4,4,3,2,3,2,1,4,3,1,4,4,3,2,3,2,3,0,1,3,25,SEDANG
584,4,3,4,2,1,4,2,2,2,4,4,3,4,2,1,0,2,2,2,0,20,SEDANG
585,3,1,4,3,4,4,0,2,0,4,3,1,4,3,4,0,4,2,4,0,25,SEDANG
586,2,1,2,4,1,0,0,0,3,2,2,1,2,4,1,4,4,4,1,2,25,SEDANG
587,4,4,4,4,3,0,1,0,3,4,4,4,4,4,3,4,3,4,1,0,31,TINGGI
588,4,3,0,3,2,1,0,1,1,0,4,3,0,3,2,3,4,3,3,4,29,TINGGI
589,4,2,1,0,1,1,1,2,1,2,4,2,1,0,1,3,3,2,3,2,21,SEDANG
590,3,0,2,4,2,0,2,4,3,4,3,0,2,4,2,4,2,0,1,0,18,SEDANG
591,3,2,1,1,4,2,0,3,2,0,3,2,1,1,4,2,4,1,2,4,24,SEDANG
592,0,0,0,1,3,2,1,2,3,4,0,0,0,1,3,2,3,2,1,0,12,RENDAH
593,1,3,4,2,4,1,3,3,4,4,1,3,4,2,4,3,1,1,0,0,19,SEDANG
594,4,4,1,0,4,0,2,0,1,1,4,4,1,0,4,4,2,4,3,3,29,TINGGI
595,1,0,2,0,0,0,3,3,2,2,1,0,2,0,0,4,1,1,2,2,13,RENDAH
596,1,2,3,2,2,2,1,0,4,1,1,2,3,2,2,2,3,4,0,3,22,SEDANG
597,4,3,3,1,2,3,0,1,0,0,4,3,3,1,2,1,4,3,4,4,29,TINGGI
598,1,1,4,3,3,2,0,1,0,0,1,1,4,3,3,2,4,3,4,4,29,TINGGI
599,3,0,3,0,1,0,1,1,3,1,3,0,3,0,1,4,3,3,1,3,21,SEDANG
600,4,4,1,3,2,0,2,1,4,0,4,4,1,3,2,4,2,3,0,4,27,TINGGI
601,1,1,0,0,2,4,2,3,1,1,1,1,0,0,2,0,2,1,3,3,13,RENDAH
602,3,0,4,3,4,2,2,0,1,0,3,0,4,3,4,2,2,4,3,4,29,TINGGI
603,4,3,2,4,2,3,0,4,1,3,4,3,2,4,2,1,4,0,3,1,24,SEDANG
604,2,3,3,3,4,2,0,4,1,0,2,3,3,3,4,2,4,0,3,4,28,TINGGI
605,3,3,4,3,0,1,0,2,1,0,3,3,4,3,0,3,4,2,3,4,29,TINGGI
606,4,2,4,1,3,1,2,2,0,1,4,2,4,1,3,3,2,2,4,3,28,TINGGI
607,4,2,3,0,3,4,3,3,0,4,4,2,3,0,3,0,1,1,4,0,18,SEDANG
608,4,3,4,3,1,0,1,0,3,3,4,3,4,3,1,4,3,4,1,1,28,TINGGI
609,0,4,4,3,0,0,2,1,4,2,0,4,4,3,0,4,2,3,0,2,22,SEDANG
610,1,4,2,0,4,3,2,2,4,1,1,4,2,0,4,1,2,2,0,3,19,SEDANG
611,3,3,4,3,4,2,0,4,4,4,3,3,4,3,4,2,4,0,0,0,23,SEDANG
612,4,2,1,4,2,0,3,1,2,3,4,2,1,4,2,4,1,3,2,1,24,SEDANG
613,3,0,4,2,3,2,3,3,1,1,3,0,4,2,3,2,1,1,3,3,22,SEDANG
614,4,2,2,4,1,2,1,0,0,2,4,2,2,4,1,2,3,4,4,2,28,TINGGI
615,4,2,4,1,3,1,2,3,4,3,4,2,4,1,3,3,2,1,0,1,21,SEDANG
616,2,0,2,2,0,4,1,3,4,2,2,0,2,2,0,0,3,1,0,2,12,RENDAH
617,1,4,4,4,4,0,4,0,2,3,1,4,4,4,4,4,0,4,2,1,28,TINGGI
618,2,0,3,1,4,0,1,0,3,1,2,0,3,1,4,4,3,4,1,3,25,SEDANG
619,0,2,0,2,4,4,2,0,4,1,0,2,0,2,4,0,2,4,0,3,17,SEDANG
620,4,3,1,4,3,0,3,1,1,1,4,3,1,4,3,4,1,3,3,3,29,TINGGI
621,3,1,2,2,0,4,4,4,1,2,3,1,2,2,0,0,0,0,3,2,13,RENDAH
622,0,2,0,1,1,4,2,2,1,0,0,2,0,1,1,0,2,2,3,4,15,SEDANG
623,4,4,4,4,4,3,2,1,4,3,4,4,4,4,4,1,2,3,0,1,27,TINGGI
624,1,4,3,2,2,3,0,2,1,4,1,4,3,2,2,1,4,2,3,0,22,SEDANG
625,3,4,2,3,4,4,1,2,1,0,3,4,2,3,4,0,3,2,3,4,28,TINGGI
626,2,4,4,1,2,0,4,2,1,3,2,4,4,1,2,4,0,2,3,1,23,SEDANG
627,2,0,4,4,1,2,1,0,1,0,2,0,4,4,1,2,3,4,3,4,27,TINGGI
628,0,4,4,2,0,3,1,1,3,2,0,4,4,2,0,1,3,3,1,2,20,SEDANG
629,3,1,3,3,4,1,0,4,1,1,3,1,3,3,4,3,4,0,3,3,27,TINGGI
630,1,3,2,3,3,1,3,4,0,2,1,3,2,3,3,3,1,0,4,2,22,SEDANG
631,2,2,0,3,3,1,0,0,3,4,2,2,0,3,3,3,4,4,1,0,22,SEDANG
632,1,1,0,1,2,1,0,4,4,4,1,1,0,1,2,3,4,0,0,0,12,RENDAH
633,3,4,4,4,2,0,0,1,0,3,3,4,4,4,2,4,4,3,4,1,33,TINGGI
634,2,2,4,1,1,1,0,1,4,4,2,2,4,1,1,3,4,3,0,0,20,SEDANG
635,3,1,4,2,4,1,0,2,4,0,3,1,4,2,4,3,4,2,0,4,27,TINGGI
636,4,3,1,4,1,2,0,0,1,3,4,3,1,4,1,2,4,4,3,1,27,TINGGI
637,0,0,0,2,0,4,3,1,3,0,0,0,0,2,0,0,1,3,1,4,11,RENDAH
638,3,0,0,2,1,2,0,3,2,1,3,0,0,2,1,2,4,1,2,3,18,SEDANG
639,3,2,1,3,0,4,3,0,1,4,3,2,1,3,0,0,1,4,3,0,17,SEDANG
640,1,2,0,3,0,1,2,0,4,0,1,2,0,3,0,3,2,4,0,4,19,SEDANG
641,3,4,4,2,2,3,2,0,3,3,3,4,4,2,2,1,2,4,1,1,24,SEDANG
642,0,2,0,1,2,1,4,1,4,4,0,2,0,1,2,3,0,3,0,0,11,RENDAH
643,3,3,3,2,4,1,2,0,2,2,3,3,3,2,4,3,2,4,2,2,28,TINGGI
644,2,0,0,0,1,0,4,3,1,2,2,0,0,0,1,4,0,1,3,2,13,RENDAH
645,1,1,4,1,1,2,0,1,4,2,1,1,4,1,1,2,4,3,0,2,19,SEDANG
646,4,1,4,0,2,0,2,0,0,2,4,1,4,0,2,4,2,4,4,2,27,TINGGI
647,3,3,2,3,4,1,3,0,3,1,3,3,2,3,4,3,1,4,1,3,27,TINGGI
648,1,0,4,4,2,0,0,1,0,1,1,0,4,4,2,4,4,3,4,3,29,TINGGI
649,0,2,3,0,3,2,1,1,3,3,0,2,3,0,3,2,3,3,1,1,18,SEDANG
650,0,2,2,3,2,2,3,2,2,4,0,2,2,3,2,2,1,2,2,0,16,SEDANG
651,0,0,0,1,2,0,2,3,2,2,0,0,0,1,2,4,2,1,2,2,14,SEDANG
652,3,0,3,4,4,1,1,0,4,2,3,0,3,4,4,3,3,4,0,2,26,SEDANG
653,2,4,4,4,0,0,0,2,0,4,2,4,4,4,0,4,4,2,4,0,28,TINGGI
654,3,1,1,3,0,2,4,3,3,4,3,1,1,3,0,2,0,1,1,0,12,RENDAH
655,4,4,3,4,4,2,0,2,0,0,4,4,3,4,4,2,4,2,4,4,35,TINGGI
656,0,0,2,1,4,3,4,4,4,4,0,0,2,1,4,1,0,0,0,0,8,RENDAH
657,1,1,0,1,4,3,4,3,1,2,1,1,0,1,4,1,0,1,3,2,14,SEDANG
658,3,3,3,4,2,0,4,2,1,0,3,3,3,4,2,4,0,2,3,4,28,TINGGI
659,4,1,2,1,3,3,2,3,0,4,4,1,2,1,3,1,2,1,4,0,19,SEDANG
660,1,0,2,0,0,3,1,2,4,4,1,0,2,0,0,1,3,2,0,0,9,RENDAH
661,1,4,4,2,3,1,2,2,1,1,1,4,4,2,3,3,2,2,3,3,27,TINGGI
662,4,0,3,0,1,4,4,4,2,2,4,0,3,0,1,0,0,0,2,2,12,RENDAH
663,0,2,0,3,2,4,2,3,4,2,0,2,0,3,2,0,2,1,0,2,12,RENDAH
664,3,1,4,0,0,3,1,1,2,0,3,1,4,0,0,1,3,3,2,4,21,SEDANG
665,3,2,1,3,1,0,4,0,1,2,3,2,1,3,1,4,0,4,3,2,23,SEDANG
666,0,2,0,0,3,0,4,2,4,4,0,2,0,0,3,4,0,2,0,0,11,RENDAH
667,0,2,2,0,2,1,0,0,2,2,0,2,2,0,2,3,4,4,2,2,21,SEDANG
668,2,4,3,2,4,0,3,0,2,2,2,4,3,2,4,4,1,4,2,2,28,TINGGI
669,2,2,2,1,3,4,2,3,4,4,2,2,2,1,3,0,2,1,0,0,13,RENDAH
670,4,4,3,2,1,0,3,2,4,2,4,4,3,2,1,4,1,2,0,2,23,SEDANG
671,3,1,3,0,1,4,2,1,4,3,3,1,3,0,1,0,2,3,0,1,14,SEDANG
672,0,0,2,3,2,3,4,3,1,2,0,0,2,3,2,1,0,1,3,2,14,SEDANG
673,1,3,0,1,3,4,3,4,4,2,1,3,0,1,3,0,1,0,0,2,11,RENDAH
674,2,2,2,4,2,3,1,1,3,0,2,2,2,4,2,1,3,3,1,4,24,SEDANG
675,0,4,2,4,1,1,3,4,4,4,0,4,2,4,1,3,1,0,0,0,15,SEDANG
676,2,1,4,1,0,0,4,3,0,1,2,1,4,1,0,4,0,1,4,3,20,SEDANG
677,3,3,2,1,1,0,2,3,4,4,3,3,2,1,1,4,2,1,0,0,17,SEDANG
678,3,2,1,2,1,3,4,4,2,0,3,2,1,2,1,1,0,0,2,4,16,SEDANG
679,0,3,4,0,2,0,0,4,4,1,0,3,4,0,2,4,4,0,0,3,20,SEDANG
680,4,4,1,2,0,0,2,0,2,1,4,4,1,2,0,4,2,4,2,3,26,SEDANG
681,0,2,0,0,1,3,0,4,4,0,0,2,0,0,1,1,4,0,0,4,12,RENDAH
682,1,1,2,3,4,4,2,4,0,4,1,1,2,3,4,0,2,0,4,0,17,SEDANG
683,0,1,0,1,0,2,4,4,0,4,0,1,0,1,0,2,0,0,4,0,8,RENDAH
684,4,3,3,4,2,1,4,4,3,1,4,3,3,4,2,3,0,0,1,3,23,SEDANG
685,1,2,0,4,3,0,2,2,3,0,1,2,0,4,3,4,2,2,1,4,23,SEDANG
686,2,1,4,1,3,3,2,0,4,0,2,1,4,1,3,1,2,4,0,4,22,SEDANG
687,3,3,4,2,2,2,1,3,0,0,3,3,4,2,2,2,3,1,4,4,28,TINGGI
688,2,2,2,4,4,3,0,2,2,0,2,2,2,4,4,1,4,2,2,4,27,TINGGI
689,0,1,2,0,4,0,4,3,3,4,0,1,2,0,4,4,0,1,1,0,13,RENDAH
690,3,3,4,2,1,0,2,1,0,0,3,3,4,2,1,4,2,3,4,4,30,TINGGI
691,2,4,3,4,4,3,1,2,0,0,2,4,3,4,4,1,3,2,4,4,31,TINGGI
692,1,4,0,4,1,1,4,2,4,4,1,4,0,4,1,3,0,2,0,0,15,SEDANG
693,1,4,4,1,3,1,4,0,1,0,1,4,4,1,3,3,0,4,3,4,27,TINGGI
694,2,1,0,4,2,1,1,2,0,0,2,1,0,4,2,3,3,2,4,4,25,SEDANG
695,4,0,2,1,0,4,3,3,3,3,4,0,2,1,0,0,1,1,1,1,11,RENDAH
696,1,1,4,0,1,1,2,2,2,3,1,1,4,0,1,3,2,2,2,1,17,SEDANG
697,1,2,0,1,2,4,1,4,3,4,1,2,0,1,2,0,3,0,1,0,10,RENDAH
698,2,1,4,3,3,2,1,0,3,2,2,1,4,3,3,2,3,4,1,2,25,SEDANG
699,1,3,2,0,2,2,4,2,4,4,1,3,2,0,2,2,0,2,0,0,12,RENDAH
700,0,0,4,2,4,2,4,3,0,2,0,0,4,2,4,2,0,1,4,2,19,SEDANG
701,4,2,4,0,4,1,0,3,4,4,4,2,4,0,4,3,4,1,0,0,22,SEDANG
702,0,2,2,1,3,1,4,4,0,0,0,2,2,1,3,3,0,0,4,4,19,SEDANG
703,2,0,0,2,3,3,0,2,0,2,2,0,0,2,3,1,4,2,4,2,20,SEDANG
704,2,4,3,4,1,1,0,2,3,4,2,4,3,4,1,3,4,2,1,0,24,SEDANG
705,0,3,4,3,1,3,4,1,4,4,0,3,4,3,1,1,0,3,0,0,15,SEDANG
706,0,3,2,4,2,0,1,1,2,0,0,3,2,4,2,4,3,3,2,4,27,TINGGI
707,1,0,4,2,4,0,0,1,2,0,1,0,4,2,4,4,4,3,2,4,28,TINGGI
708,2,1,2,0,0,2,1,3,1,4,2,1,2,0,0,2,3,1,3,0,14,SEDANG
709,0,0,0,0,1,4,2,3,0,4,0,0,0,0,1,0,2,1,4,0,8,RENDAH
710,1,2,1,1,1,1,4,0,2,2,1,2,1,1,1,3,0,4,2,2,17,SEDANG
711,4,1,0,2,2,2,0,0,2,1,4,1,0,2,2,2,4,4,2,3,24,SEDANG
712,2,1,1,3,1,4,4,3,2,3,2,1,1,3,1,0,0,1,2,1,12,RENDAH
713,1,1,0,4,2,3,4,4,3,4,1,1,0,4,2,1,0,0,1,0,10,RENDAH
714,1,1,4,2,4,0,1,0,1,0,1,1,4,2,4,4,3,4,3,4,30,TINGGI
715,1,0,1,1,4,4,4,4,3,2,1,0,1,1,4,0,0,0,1,2,10,RENDAH
716,3,0,0,2,4,3,4,4,4,4,3,0,0,2,4,1,0,0,0,0,10,RENDAH
717,0,4,0,4,0,0,0,3,2,3,0,4,0,4,0,4,4,1,2,1,20,SEDANG
718,1,3,3,1,0,1,3,3,2,2,1,3,3,1,0,3,1,1,2,2,17,SEDANG
719,1,2,4,0,3,4,4,3,1,3,1,2,4,0,3,0,0,1,3,1,15,SEDANG
720,4,2,2,2,1,2,0,1,2,0,4,2,2,2,1,2,4,3,2,4,26,SEDANG
721,4,1,2,3,3,0,1,1,1,1,4,1,2,3,3,4,3,3,3,3,29,TINGGI
722,4,3,2,2,0,4,2,2,3,1,4,3,2,2,0,0,2,2,1,3,19,SEDANG
723,3,3,3,1,4,4,4,3,1,4,3,3,3,1,4,0,0,1,3,0,18,SEDANG
724,4,3,4,3,3,3,2,0,1,2,4,3,4,3,3,1,2,4,3,2,29,TINGGI
725,4,4,4,2,2,2,1,3,4,0,4,4,4,2,2,2,3,1,0,4,26,SEDANG
726,1,3,2,2,1,4,0,0,0,4,1,3,2,2,1,0,4,4,4,0,21,SEDANG
727,2,4,0,2,3,4,3,4,0,0,2,4,0,2,3,0,1,0,4,4,20,SEDANG
728,2,0,0,3,0,3,3,4,2,2,2,0,0,3,0,1,1,0,2,2,11,RENDAH
729,4,4,4,4,2,1,2,2,3,1,4,4,4,4,2,3,2,2,1,3,29,TINGGI
730,3,0,0,1,2,3,1,1,1,0,3,0,0,1,2,1,3,3,3,4,20,SEDANG
731,1,3,1,4,4,0,0,1,1,0,1,3,1,4,4,4,4,3,3,4,31,TINGGI
732,0,1,1,4,2,3,1,4,0,1,0,1,1,4,2,1,3,0,4,3,19,SEDANG
733,4,3,1,4,2,4,0,0,0,2,4,3,1,4,2,0,4,4,4,2,28,TINGGI
734,2,3,0,0,2,2,3,4,1,4,2,3,0,0,2,2,1,0,3,0,13,RENDAH
735,3,0,2,3,4,3,1,0,2,1,3,0,2,3,4,1,3,4,2,3,25,SEDANG
736,0,2,3,3,0,3,0,3,3,4,0,2,3,3,0,1,4,1,1,0,15,SEDANG
737,3,2,0,0,2,0,4,4,3,3,3,2,0,0,2,4,0,0,1,1,13,RENDAH
738,4,3,0,1,3,0,3,3,4,3,4,3,0,1,3,4,1,1,0,1,18,SEDANG
739,2,1,0,3,1,1,0,3,0,1,2,1,0,3,1,3,4,1,4,3,22,SEDANG
740,3,4,0,4,0,1,1,3,0,1,3,4,0,4,0,3,3,1,4,3,25,SEDANG
741,4,1,2,2,4,2,4,0,2,2,4,1,2,2,4,2,0,4,2,2,23,SEDANG
742,2,0,0,2,1,2,3,3,3,4,2,0,0,2,1,2,1,1,1,0,10,RENDAH
743,4,0,2,0,2,1,0,3,2,4,4,0,2,0,2,3,4,1,2,0,18,SEDANG
744,1,3,2,1,4,2,0,1,0,1,1,3,2,1,4,2,4,3,4,3,27,TINGGI
745,2,0,3,3,4,4,3,1,2,4,2,0,3,3,4,0,1,3,2,0,18,SEDANG
746,4,2,0,2,4,1,2,3,4,4,4,2,0,2,4,3,2,1,0,0,18,SEDANG
747,2,3,0,1,4,2,3,3,4,4,2,3,0,1,4,2,1,1,0,0,14,SEDANG
748,4,4,1,3,3,3,3,2,0,0,4,4,1,3,3,1,1,2,4,4,27,TINGGI
749,1,2,3,4,2,1,0,3,0,0,1,2,3,4,2,3,4,1,4,4,28,TINGGI
750,1,0,3,0,1,3,3,4,3,3,1,0,3,0,1,1,1,0,1,1,9,RENDAH
751,3,1,3,4,3,2,0,2,2,1,3,1,3,4,3,2,4,2,2,3,27,TINGGI
752,2,1,4,4,3,3,2,0,0,2,2,1,4,4,3,1,2,4,4,2,27,TINGGI
753,2,3,3,1,3,1,1,1,2,0,2,3,3,1,3,3,3,3,2,4,27,TINGGI
754,1,1,1,3,0,1,0,4,4,0,1,1,1,3,0,3,4,0,0,4,17,SEDANG
755,2,1,0,0,4,0,4,3,4,4,2,1,0,0,4,4,0,1,0,0,12,RENDAH
756,1,3,3,4,2,4,2,3,2,2,1,3,3,4,2,0,2,1,2,2,20,SEDANG
757,2,4,4,2,2,2,1,2,1,0,2,4,4,2,2,2,3,2,3,4,28,TINGGI
758,2,1,3,0,0,3,4,3,3,1,2,1,3,0,0,1,0,1,1,3,12,RENDAH
759,0,3,3,4,4,1,0,2,0,0,0,3,3,4,4,3,4,2,4,4,31,TINGGI
760,3,1,1,0,1,3,2,4,3,0,3,1,1,0,1,1,2,0,1,4,14,SEDANG
761,2,1,4,2,2,3,4,4,2,4,2,1,4,2,2,1,0,0,2,0,14,SEDANG
762,0,3,2,3,0,0,3,1,0,3,0,3,2,3,0,4,1,3,4,1,21,SEDANG
763,0,3,1,2,2,3,3,4,4,1,0,3,1,2,2,1,1,0,0,3,13,RENDAH
764,4,0,0,4,0,4,3,1,1,4,4,0,0,4,0,0,1,3,3,0,15,SEDANG
765,4,0,3,4,1,3,3,3,3,3,4,0,3,4,1,1,1,1,1,1,17,SEDANG
766,3,3,4,1,1,0,1,0,0,4,3,3,4,1,1,4,3,4,4,0,27,TINGGI
767,0,2,1,0,4,0,3,4,0,2,0,2,1,0,4,4,1,0,4,2,18,SEDANG
768,1,0,0,0,0,4,0,4,4,0,1,0,0,0,0,0,4,0,0,4,9,RENDAH
769,3,4,0,4,4,3,4,1,2,2,3,4,0,4,4,1,0,3,2,2,23,SEDANG
770,4,3,0,3,3,0,1,0,3,2,4,3,0,3,3,4,3,4,1,2,27,TINGGI
771,3,1,4,0,2,4,3,4,4,3,3,1,4,0,2,0,1,0,0,1,12,RENDAH
772,3,3,0,1,0,2,3,3,3,4,3,3,0,1,0,2,1,1,1,0,12,RENDAH
773,1,0,0,0,0,2,1,1,2,0,1,0,0,0,0,2,3,3,2,4,15,SEDANG
774,2,0,0,1,2,2,4,0,3,4,2,0,0,1,2,2,0,4,1,0,12,RENDAH
775,2,1,4,3,4,0,3,0,0,2,2,1,4,3,4,4,1,4,4,2,29,TINGGI
776,0,2,3,0,4,3,2,0,1,3,0,2,3,0,4,1,2,4,3,1,20,SEDANG
777,1,3,3,4,3,3,0,2,2,0,1,3,3,4,3,1,4,2,2,4,27,TINGGI
778,1,1,0,3,0,2,2,3,3,3,1,1,0,3,0,2,2,1,1,1,12,RENDAH
779,1,4,3,3,2,1,0,3,2,0,1,4,3,3,2,3,4,1,2,4,27,TINGGI
780,4,3,1,0,1,2,4,4,3,1,4,3,1,0,1,2,0,0,1,3,15,SEDANG
781,0,4,0,2,4,0,2,2,2,3,0,4,0,2,4,4,2,2,2,1,21,SEDANG
782,1,3,2,1,3,0,2,0,1,0,1,3,2,1,3,4,2,4,3,4,27,TINGGI
783,3,3,2,3,2,2,2,1,0,1,3,3,2,3,2,2,2,3,4,3,27,TINGGI
784,0,2,2,0,4,4,1,4,3,3,0,2,2,0,4,0,3,0,1,1,13,RENDAH
785,4,0,1,2,4,0,1,0,0,1,4,0,1,2,4,4,3,4,4,3,29,TINGGI
786,2,1,4,4,4,2,3,0,0,1,2,1,4,4,4,2,1,4,4,3,29,TINGGI
787,4,0,0,3,0,2,4,0,4,0,4,0,0,3,0,2,0,4,0,4,17,SEDANG
788,0,0,3,1,0,4,4,3,1,3,0,0,3,1,0,0,0,1,3,1,9,RENDAH
789,4,1,2,4,4,3,0,0,1,2,4,1,2,4,4,1,4,4,3,2,29,TINGGI
790,3,2,4,1,2,2,2,0,0,1,3,2,4,1,2,2,2,4,4,3,27,TINGGI
791,0,2,0,4,3,1,0,0,1,0,0,2,0,4,3,3,4,4,3,4,27,TINGGI
792,0,2,2,4,3,0,1,0,3,0,0,2,2,4,3,4,3,4,1,4,27,TINGGI
793,4,4,4,1,1,1,0,0,1,3,4,4,4,1,1,3,4,4,3,1,29,TINGGI
794,4,3,3,1,4,1,0,4,2,1,4,3,3,1,4,3,4,0,2,3,27,TINGGI
795,0,0,2,3,0,2,4,2,2,2,0,0,2,3,0,2,0,2,2,2,13,RENDAH
796,4,4,4,0,4,0,1,1,1,4,4,4,4,0,4,4,3,3,3,0,29,TINGGI
797,1,1,2,3,4,0,0,3,0,1,1,1,2,3,4,4,4,1,4,3,27,TINGGI
798,1,4,0,3,0,4,3,4,2,3,1,4,0,3,0,0,1,0,2,1,12,RENDAH
799,4,2,4,1,1,3,2,3,0,1,4,2,4,1,1,1,2,1,4,3,23,SEDANG
800,4,4,2,4,3,1,4,3,1,3,4,4,2,4,3,3,0,1,3,1,25,SEDANG
801,0,2,0,1,0,3,2,3,4,3,0,2,0,1,0,1,2,1,0,1,8,RENDAH
802,1,3,3,4,1,1,1,0,1,4,1,3,3,4,1,3,3,4,3,0,25,SEDANG
803,2,4,2,2,1,2,0,2,4,4,2,4,2,2,1,2,4,2,0,0,19,SEDANG
804,0,1,0,0,2,0,0,2,4,4,0,1,0,0,2,4,4,2,0,0,13,RENDAH
805,1,0,2,3,2,4,3,3,2,4,1,0,2,3,2,0,1,1,2,0,12,RENDAH
806,1,1,4,1,0,4,2,2,2,3,1,1,4,1,0,0,2,2,2,1,14,SEDANG
807,3,4,2,3,0,0,0,1,0,0,3,4,2,3,0,4,4,3,4,4,31,TINGGI
808,4,4,2,4,0,0,3,4,2,1,4,4,2,4,0,4,1,0,2,3,24,SEDANG
809,0,0,2,0,2,4,1,1,1,4,0,0,2,0,2,0,3,3,3,0,13,RENDAH
810,4,0,3,4,0,0,0,1,0,2,4,0,3,4,0,4,4,3,4,2,28,TINGGI
811,4,2,1,2,2,3,0,1,4,3,4,2,1,2,2,1,4,3,0,1,20,SEDANG
812,4,4,2,3,1,3,4,1,1,3,4,4,2,3,1,1,0,3,3,1,22,SEDANG
813,4,0,2,0,4,2,3,2,2,2,4,0,2,0,4,2,1,2,2,2,19,SEDANG
814,1,1,1,2,0,2,0,4,3,4,1,1,1,2,0,2,4,0,1,0,12,RENDAH
815,1,4,2,2,3,3,3,4,2,0,1,4,2,2,3,1,1,0,2,4,20,SEDANG
816,1,4,4,2,3,2,2,3,1,3,1,4,4,2,3,2,2,1,3,1,23,SEDANG
817,2,4,1,0,1,4,2,4,3,2,2,4,1,0,1,0,2,0,1,2,13,RENDAH
818,4,3,3,2,0,0,1,1,1,4,4,3,3,2,0,4,3,3,3,0,25,SEDANG
819,3,3,3,0,1,4,2,4,3,2,3,3,3,0,1,0,2,0,1,2,15,SEDANG
820,0,2,1,1,4,4,4,2,2,3,0,2,1,1,4,0,0,2,2,1,13,RENDAH
821,1,3,0,3,1,3,0,4,0,2,1,3,0,3,1,1,4,0,4,2,19,SEDANG
822,4,0,1,4,1,0,1,0,2,0,4,0,1,4,1,4,3,4,2,4,27,TINGGI
823,4,2,2,2,1,1,0,1,0,2,4,2,2,2,1,3,4,3,4,2,27,TINGGI
824,2,3,4,4,1,0,0,3,3,1,2,3,4,4,1,4,4,1,1,3,27,TINGGI
825,2,3,3,3,0,3,0,4,4,0,2,3,3,3,0,1,4,0,0,4,20,SEDANG
826,4,3,4,1,1,0,3,0,0,1,4,3,4,1,1,4,1,4,4,3,29,TINGGI
827,2,4,4,4,4,2,1,0,2,2,2,4,4,4,4,2,3,4,2,2,31,TINGGI
828,4,2,1,1,4,4,3,0,0,2,4,2,1,1,4,0,1,4,4,2,23,SEDANG
829,2,4,2,3,3,1,0,1,1,0,2,4,2,3,3,3,4,3,3,4,31,TINGGI
830,3,0,0,1,4,4,4,1,2,3,3,0,0,1,4,0,0,3,2,1,14,SEDANG
831,1,1,2,4,3,4,3,3,4,1,1,1,2,4,3,0,1,1,0,3,16,SEDANG
832,3,0,3,1,1,4,2,4,3,4,3,0,3,1,1,0,2,0,1,0,11,RENDAH
833,1,0,1,0,3,1,2,1,0,2,1,0,1,0,3,3,2,3,4,2,19,SEDANG
834,0,0,2,0,1,3,0,1,4,3,0,0,2,0,1,1,4,3,0,1,12,RENDAH
835,4,2,2,4,0,3,4,0,3,2,4,2,2,4,0,1,0,4,1,2,20,SEDANG
836,2,4,0,0,3,2,3,1,4,2,2,4,0,0,3,2,1,3,0,2,17,SEDANG
837,3,1,4,4,3,0,1,2,2,3,3,1,4,4,3,4,3,2,2,1,27,TINGGI
838,2,2,4,3,4,3,2,2,2,2,2,2,4,3,4,1,2,2,2,2,24,SEDANG
839,1,4,3,0,1,1,1,4,2,0,1,4,3,0,1,3,3,0,2,4,21,SEDANG
840,4,2,4,3,2,1,0,2,1,4,4,2,4,3,2,3,4,2,3,0,27,TINGGI
841,1,2,1,2,2,1,4,0,4,0,1,2,1,2,2,3,0,4,0,4,19,SEDANG
842,2,1,2,2,0,2,2,0,4,1,2,1,2,2,0,2,2,4,0,3,18,SEDANG
843,3,2,2,4,4,2,4,4,4,4,3,2,2,4,4,2,0,0,0,0,17,SEDANG
844,4,4,0,0,1,1,0,1,0,0,4,4,0,0,1,3,4,3,4,4,27,TINGGI
845,0,1,0,1,0,0,1,4,3,3,0,1,0,1,0,4,3,0,1,1,11,RENDAH
846,4,3,3,1,4,3,3,1,0,2,4,3,3,1,4,1,1,3,4,2,26,SEDANG
847,2,3,2,0,4,4,3,1,1,3,2,3,2,0,4,0,1,3,3,1,19,SEDANG
848,3,4,3,2,2,3,0,0,1,2,3,4,3,2,2,1,4,4,3,2,28,TINGGI
849,0,1,0,2,2,1,4,4,1,4,0,1,0,2,2,3,0,0,3,0,11,RENDAH
850,1,1,3,4,3,0,2,2,1,1,1,1,3,4,3,4,2,2,3,3,26,SEDANG
851,3,3,0,1,3,0,2,3,0,1,3,3,0,1,3,4,2,1,4,3,24,SEDANG
852,2,2,4,4,2,4,4,3,0,1,2,2,4,4,2,0,0,1,4,3,22,SEDANG
853,3,1,3,1,3,0,2,0,4,3,3,1,3,1,3,4,2,4,0,1,22,SEDANG
854,4,3,3,4,2,1,4,3,2,4,4,3,3,4,2,3,0,1,2,0,22,SEDANG
855,1,0,4,3,2,0,2,3,4,2,1,0,4,3,2,4,2,1,0,2,19,SEDANG
856,3,2,0,1,1,1,3,1,0,4,3,2,0,1,1,3,1,3,4,0,18,SEDANG
857,1,3,0,4,1,0,1,4,1,3,1,3,0,4,1,4,3,0,3,1,20,SEDANG
858,3,2,2,1,4,4,3,4,1,3,3,2,2,1,4,0,1,0,3,1,17,SEDANG
859,4,2,3,4,4,2,0,1,2,4,4,2,3,4,4,2,4,3,2,0,28,TINGGI
860,3,2,3,4,4,4,2,3,4,3,3,2,3,4,4,0,2,1,0,1,20,SEDANG
861,3,4,4,0,3,0,0,2,2,1,3,4,4,0,3,4,4,2,2,3,29,TINGGI
862,0,4,1,2,4,3,4,4,4,4,0,4,1,2,4,1,0,0,0,0,12,RENDAH
863,3,2,2,4,2,4,0,3,4,3,3,2,2,4,2,0,4,1,0,1,19,SEDANG
864,0,0,0,1,1,3,3,3,1,1,0,0,0,1,1,1,1,1,3,3,11,RENDAH
865,2,3,4,2,2,4,0,1,1,2,2,3,4,2,2,0,4,3,3,2,25,SEDANG
866,3,3,4,1,0,1,3,2,4,0,3,3,4,1,0,3,1,2,0,4,21,SEDANG
867,2,0,4,3,1,0,3,1,0,4,2,0,4,3,1,4,1,3,4,0,22,SEDANG
868,1,1,4,4,0,0,0,4,3,0,1,1,4,4,0,4,4,0,1,4,23,SEDANG
869,1,0,0,4,3,3,4,4,4,1,1,0,0,4,3,1,0,0,0,3,12,RENDAH
870,3,0,3,1,4,4,3,4,4,3,3,0,3,1,4,0,1,0,0,1,13,RENDAH
871,4,2,3,2,4,4,1,2,0,1,4,2,3,2,4,0,3,2,4,3,27,TINGGI
872,0,2,0,0,1,2,1,2,4,3,0,2,0,0,1,2,3,2,0,1,11,RENDAH
873,4,4,3,4,1,3,3,3,0,0,4,4,3,4,1,1,1,1,4,4,27,TINGGI
874,0,2,3,0,2,4,1,3,3,4,0,2,3,0,2,0,3,1,1,0,12,RENDAH
875,4,0,4,2,3,2,2,0,1,0,4,0,4,2,3,2,2,4,3,4,28,TINGGI
876,4,3,1,4,2,1,4,1,0,1,4,3,1,4,2,3,0,3,4,3,27,TINGGI
877,3,1,1,3,2,0,3,0,1,0,3,1,1,3,2,4,1,4,3,4,26,SEDANG
878,4,0,0,2,0,4,4,0,1,4,4,0,0,2,0,0,0,4,3,0,13,RENDAH
879,4,3,4,4,3,0,0,4,1,2,4,3,4,4,3,4,4,0,3,2,31,TINGGI
880,0,0,4,0,1,4,0,0,4,1,0,0,4,0,1,0,4,4,0,3,16,SEDANG
881,2,0,4,2,1,2,2,1,2,1,2,0,4,2,1,2,2,3,2,3,21,SEDANG
882,1,4,4,4,2,2,0,2,0,1,1,4,4,4,2,2,4,2,4,3,30,TINGGI
883,4,0,4,2,4,0,3,1,0,2,4,0,4,2,4,4,1,3,4,2,28,TINGGI
884,2,1,3,1,1,3,4,4,3,3,2,1,3,1,1,1,0,0,1,1,11,RENDAH
885,4,1,3,0,4,4,3,2,1,1,4,1,3,0,4,0,1,2,3,3,21,SEDANG
886,1,4,2,0,4,4,4,2,0,2,1,4,2,0,4,0,0,2,4,2,19,SEDANG
887,1,4,1,0,0,2,2,3,0,2,1,4,1,0,0,2,2,1,4,2,17,SEDANG
888,3,0,1,1,0,4,0,4,4,1,3,0,1,1,0,0,4,0,0,3,12,RENDAH
889,4,2,1,0,1,2,0,1,2,0,4,2,1,0,1,2,4,3,2,4,23,SEDANG
890,2,1,4,2,2,1,0,0,1,2,2,1,4,2,2,3,4,4,3,2,27,TINGGI
891,2,3,1,4,2,2,4,3,2,0,2,3,1,4,2,2,0,1,2,4,21,SEDANG
892,2,4,0,1,0,4,4,0,4,4,2,4,0,1,0,0,0,4,0,0,11,RENDAH
893,4,4,1,4,4,1,4,0,0,1,4,4,1,4,4,3,0,4,4,3,31,TINGGI
894,1,2,2,0,0,3,4,2,0,4,1,2,2,0,0,1,0,2,4,0,12,RENDAH
895,2,1,4,4,1,1,1,1,2,0,2,1,4,4,1,3,3,3,2,4,27,TINGGI
896,0,1,2,1,2,4,3,4,1,3,0,1,2,1,2,0,1,0,3,1,11,RENDAH
897,2,4,4,3,2,3,2,1,1,1,2,4,4,3,2,1,2,3,3,3,27,TINGGI
898,4,0,0,0,3,3,2,1,4,4,4,0,0,0,3,1,2,3,0,0,13,RENDAH
899,4,1,3,0,4,2,2,2,0,2,4,1,3,0,4,2,2,2,4,2,24,SEDANG
900,4,2,2,0,1,2,1,3,2,2,4,2,2,0,1,2,3,1,2,2,19,SEDANG
901,3,4,3,1,3,0,3,1,1,2,3,4,3,1,3,4,1,3,3,2,27,TINGGI
902,2,1,3,1,2,4,2,0,1,2,2,1,3,1,2,0,2,4,3,2,20,SEDANG
903,2,0,1,2,3,1,3,1,4,3,2,0,1,2,3,3,1,3,0,1,16,SEDANG
904,4,2,0,3,2,1,1,3,4,1,4,2,0,3,2,3,3,1,0,3,21,SEDANG
905,2,4,0,2,4,3,4,1,1,4,2,4,0,2,4,1,0,3,3,0,19,SEDANG
906,1,3,3,0,3,4,2,3,3,4,1,3,3,0,3,0,2,1,1,0,14,SEDANG
907,2,1,4,0,4,0,4,1,2,1,2,1,4,0,4,4,0,3,2,3,23,SEDANG
908,2,0,3,4,3,0,1,2,2,0,2,0,3,4,3,4,3,2,2,4,27,TINGGI
909,0,4,2,2,0,0,0,0,3,2,0,4,2,2,0,4,4,4,1,2,23,SEDANG
910,0,2,2,4,1,2,3,4,2,0,0,2,2,4,1,2,1,0,2,4,18,SEDANG
911,3,3,1,4,1,3,1,4,4,3,3,3,1,4,1,1,3,0,0,1,17,SEDANG
912,1,2,0,4,3,4,0,0,1,2,1,2,0,4,3,0,4,4,3,2,23,SEDANG
913,2,4,1,2,2,0,2,0,4,4,2,4,1,2,2,4,2,4,0,0,21,SEDANG
914,4,1,3,3,4,4,2,4,4,4,4,1,3,3,4,0,2,0,0,0,17,SEDANG
915,2,0,3,0,2,4,1,2,0,0,2,0,3,0,2,0,3,2,4,4,20,SEDANG
916,0,0,4,0,3,3,4,3,3,1,0,0,4,0,3,1,0,1,1,3,13,RENDAH
917,4,2,4,4,1,3,1,1,0,3,4,2,4,4,1,1,3,3,4,1,27,TINGGI
918,2,4,2,1,0,4,4,3,3,2,2,4,2,1,0,0,0,1,1,2,13,RENDAH
919,1,4,4,3,2,3,2,0,1,2,1,4,4,3,2,1,2,4,3,2,26,SEDANG
920,4,3,3,2,2,2,0,1,1,1,4,3,3,2,2,2,4,3,3,3,29,TINGGI
921,0,3,4,4,0,1,2,0,0,1,0,3,4,4,0,3,2,4,4,3,27,TINGGI
922,0,3,4,0,2,2,3,0,4,0,0,3,4,0,2,2,1,4,0,4,20,SEDANG
923,0,0,3,1,0,2,3,3,4,1,0,0,3,1,0,2,1,1,0,3,11,RENDAH
924,3,3,4,3,2,2,0,4,2,0,3,3,4,3,2,2,4,0,2,4,27,TINGGI
925,3,4,1,1,4,3,1,2,3,4,3,4,1,1,4,1,3,2,1,0,20,SEDANG
926,4,1,3,2,2,1,1,1,0,0,4,1,3,2,2,3,3,3,4,4,29,TINGGI
927,0,0,4,0,4,0,4,4,4,4,0,0,4,0,4,4,0,0,0,0,12,RENDAH
928,2,4,4,4,4,4,2,0,0,2,2,4,4,4,4,0,2,4,4,2,30,TINGGI
929,1,0,4,3,0,0,0,0,1,0,1,0,4,3,0,4,4,4,3,4,27,TINGGI
930,0,2,3,1,2,2,0,1,2,0,0,2,3,1,2,2,4,3,2,4,23,SEDANG
931,1,4,4,3,2,0,0,2,1,2,1,4,4,3,2,4,4,2,3,2,29,TINGGI
932,0,2,1,4,2,1,1,1,1,2,0,2,1,4,2,3,3,3,3,2,23,SEDANG
933,0,0,0,2,2,2,4,4,4,1,0,0,0,2,2,2,0,0,0,3,9,RENDAH
934,0,1,3,1,0,0,4,4,1,1,0,1,3,1,0,4,0,0,3,3,15,SEDANG
935,1,1,4,3,1,4,0,3,4,0,1,1,4,3,1,0,4,1,0,4,19,SEDANG
936,0,0,3,0,0,3,3,4,0,0,0,0,3,0,0,1,1,0,4,4,13,RENDAH
937,4,1,3,2,4,4,0,1,4,4,4,1,3,2,4,0,4,3,0,0,21,SEDANG
938,0,3,4,1,1,0,1,0,1,1,0,3,4,1,1,4,3,4,3,3,26,SEDANG
939,0,1,2,0,4,1,3,3,4,1,0,1,2,0,4,3,1,1,0,3,15,SEDANG
940,0,3,0,4,1,4,3,4,3,3,0,3,0,4,1,0,1,0,1,1,11,RENDAH
941,1,1,0,0,1,1,4,3,4,3,1,1,0,0,1,3,0,1,0,1,8,RENDAH
942,4,0,1,0,0,3,2,4,0,4,4,0,1,0,0,1,2,0,4,0,12,RENDAH
943,3,2,4,1,1,1,1,4,2,0,3,2,4,1,1,3,3,0,2,4,23,SEDANG
944,4,2,2,4,4,0,1,2,0,0,4,2,2,4,4,4,3,2,4,4,33,TINGGI
945,2,4,4,3,2,0,2,0,4,1,2,4,4,3,2,4,2,4,0,3,28,TINGGI
946,2,1,4,1,4,2,2,2,2,0,2,1,4,1,4,2,2,2,2,4,24,SEDANG
947,3,3,1,3,1,2,1,0,0,1,3,3,1,3,1,2,3,4,4,3,27,TINGGI
948,3,2,4,4,3,0,4,0,0,1,3,2,4,4,3,4,0,4,4,3,31,TINGGI
949,1,3,2,1,0,3,4,3,2,3,1,3,2,1,0,1,0,1,2,1,12,RENDAH
950,2,1,3,4,4,0,1,2,0,4,2,1,3,4,4,4,3,2,4,0,27,TINGGI
951,3,4,4,4,0,4,1,0,0,3,3,4,4,4,0,0,3,4,4,1,27,TINGGI
952,3,4,1,0,0,1,4,2,1,2,3,4,1,0,0,3,0,2,3,2,18,SEDANG
953,3,2,4,3,2,3,0,0,1,1,3,2,4,3,2,1,4,4,3,3,29,TINGGI
954,0,3,1,0,2,3,0,0,3,2,0,3,1,0,2,1,4,4,1,2,18,SEDANG
955,3,0,2,0,4,2,1,1,1,3,3,0,2,0,4,2,3,3,3,1,21,SEDANG
956,0,0,3,0,2,2,3,2,1,3,0,0,3,0,2,2,1,2,3,1,14,SEDANG
957,2,0,1,3,4,1,0,0,2,0,2,0,1,3,4,3,4,4,2,4,27,TINGGI
958,4,4,4,3,0,0,0,4,1,2,4,4,4,3,0,4,4,0,3,2,28,TINGGI
959,4,4,4,2,4,2,4,0,2,2,4,4,4,2,4,2,0,4,2,2,28,TINGGI
960,4,2,1,0,4,3,2,1,2,4,4,2,1,0,4,1,2,3,2,0,19,SEDANG
961,4,3,4,3,4,2,3,0,0,1,4,3,4,3,4,2,1,4,4,3,32,TINGGI
962,3,0,3,0,4,0,1,3,3,2,3,0,3,0,4,4,3,1,1,2,21,SEDANG
963,3,2,2,2,4,0,4,3,3,3,3,2,2,2,4,4,0,1,1,1,20,SEDANG
964,3,1,2,2,0,0,0,2,0,2,3,1,2,2,0,4,4,2,4,2,24,SEDANG
965,1,3,3,3,4,1,0,2,1,3,1,3,3,3,4,3,4,2,3,1,27,TINGGI
966,3,1,0,2,2,3,4,4,2,4,3,1,0,2,2,1,0,0,2,0,11,RENDAH
967,4,2,4,2,0,4,3,1,1,0,4,2,4,2,0,0,1,3,3,4,23,SEDANG
968,2,3,3,4,4,1,1,3,0,1,2,3,3,4,4,3,3,1,4,3,30,TINGGI
969,0,3,0,1,1,2,0,4,4,3,0,3,0,1,1,2,4,0,0,1,12,RENDAH
970,0,4,0,0,0,4,2,3,0,1,0,4,0,0,0,0,2,1,4,3,14,SEDANG
971,2,0,4,3,0,4,4,2,4,4,2,0,4,3,0,0,0,2,0,0,11,RENDAH
972,1,1,3,1,2,4,2,4,4,1,1,1,3,1,2,0,2,0,0,3,13,RENDAH
973,4,1,4,4,4,2,2,1,0,1,4,1,4,4,4,2,2,3,4,3,31,TINGGI
974,4,4,2,3,2,4,2,0,3,2,4,4,2,3,2,0,2,4,1,2,24,SEDANG
975,3,3,1,3,4,2,0,2,1,0,3,3,1,3,4,2,4,2,3,4,29,TINGGI
976,4,3,4,3,4,0,1,3,3,1,4,3,4,3,4,4,3,1,1,3,30,TINGGI
977,1,3,3,2,4,0,2,4,4,4,1,3,3,2,4,4,2,0,0,0,19,SEDANG
978,2,4,1,1,2,3,0,2,0,2,2,4,1,1,2,1,4,2,4,2,23,SEDANG
979,4,0,0,1,2,0,1,4,3,4,4,0,0,1,2,4,3,0,1,0,15,SEDANG
980,4,0,2,2,4,0,2,0,1,0,4,0,2,2,4,4,2,4,3,4,29,TINGGI
981,3,4,0,1,4,2,0,1,1,0,3,4,0,1,4,2,4,3,3,4,28,TINGGI
982,1,0,2,0,4,4,1,4,0,2,1,0,2,0,4,0,3,0,4,2,16,SEDANG
983,1,0,3,2,2,4,2,2,3,1,1,0,3,2,2,0,2,2,1,3,16,SEDANG
984,3,2,0,0,3,4,4,2,3,2,3,2,0,0,3,0,0,2,1,2,13,RENDAH
985,1,2,1,1,1,3,1,2,3,1,1,2,1,1,1,1,3,2,1,3,16,SEDANG
986,3,3,4,4,0,1,0,4,4,4,3,3,4,4,0,3,4,0,0,0,21,SEDANG
987,4,2,0,1,0,2,1,4,3,4,4,2,0,1,0,2,3,0,1,0,13,RENDAH
988,4,3,4,4,2,4,3,3,4,3,4,3,4,4,2,0,1,1,0,1,20,SEDANG
989,0,4,0,1,0,3,2,0,4,3,0,4,0,1,0,1,2,4,0,1,13,RENDAH
990,0,4,2,2,2,1,0,0,1,1,0,4,2,2,2,3,4,4,3,3,27,TINGGI
991,3,2,4,4,4,2,0,3,4,1,3,2,4,4,4,2,4,1,0,3,27,TINGGI
992,1,4,0,2,4,3,0,0,3,0,1,4,0,2,4,1,4,4,1,4,25,SEDANG
993,1,0,2,2,2,4,2,0,1,4,1,0,2,2,2,0,2,4,3,0,16,SEDANG
994,0,3,1,2,1,4,0,3,4,4,0,3,1,2,1,0,4,1,0,0,12,RENDAH
995,4,1,4,2,3,0,0,4,1,0,4,1,4,2,3,4,4,0,3,4,29,TINGGI
996,0,0,0,0,2,1,4,1,1,3,0,0,0,0,2,3,0,3,3,1,12,RENDAH
997,2,0,3,3,1,4,4,2,0,3,2,0,3,3,1,0,0,2,4,1,16,SEDANG
998,4,2,2,4,0,2,0,0,0,2,4,2,2,4,0,2,4,4,4,2,28,TINGGI
999,4,3,3,3,3,3,4,3,2,2,4,3,3,3,3,1,0,1,2,2,22,SEDANG
1000,1,0,1,1,2,1,3,1,2,4,1,0,1,1,2,3,1,3,2,0,14,SEDANG
